name,link,price
Signatory Vintage Teaninich 1983 35 Year Old,https://www.whiskyshop.com/signatory-vintage-teaninich-1983-35-year-old,575.00
Signatory Vintage Bunnahabhain 1968 50 Year Old,https://www.whiskyshop.com/signatory-vintage-bunnahabhain-1968-50-year-old,sold out
Signatory Vintage Mosstowie 1973 45 Year Old,https://www.whiskyshop.com/signatory-vintage-mosstowie-1973-45-year-old,"1,450.00"
Signatory Vintage Bunnahabhain 2012 10 Year Old,https://www.whiskyshop.com/signatory-vintage-bunnahabhain-2012-10-year-old,105.00
Signatory Vintage Caol Ila 2010 11 Year Old,https://www.whiskyshop.com/signatory-vintage-caol-ila-2010-11-year-old,108.00
Signatory Vintage Pulteney 2008 14 Year Old Sherry Finish,https://www.whiskyshop.com/signatory-vintage-pulteney-2008-14-year-old-sherry-finish,106.00
Signatory Vintage Allt-A-Bhainne 2000 22 Year Old Sherry Finish,https://www.whiskyshop.com/signatory-vintage-allt-a-bhainne-2000-22-year-old-sherry-finish,205.00
Signatory Vintage Glenallachie 2009 12 Year Old,https://www.whiskyshop.com/signatory-vintage-glenallachie-2009-12-year-old,106.00
Signatory Vintage Glenlivet 2006 15 Year Old,https://www.whiskyshop.com/signatory-vintage-glenlivet-2006-15-year-old,106.00
Signatory Vintage Mortlach 2007 15 Year Old Sherry Finish,https://www.whiskyshop.com/signatory-vintage-mortlach-2007-15-year-old-sherry-finish,135.00
Signatory Vintage Auchentoshan 1999 22 Year Old Sherry Finish,https://www.whiskyshop.com/signatory-vintage-auchentoshan-1999-22-year-old-sherry-finish,315.00
Signatory Vintage Glen Mhor 1965 50 Year Old,https://www.whiskyshop.com/signatory-vintage-glen-mhor-1965-50-year-old,"5,300.00"
Aberfeldy 16 Year Old,https://www.whiskyshop.com/aberfeldy-16-year-old,64.00
Deanston 2007 Calvados Cask,https://www.whiskyshop.com/deanston-2007-calvados-cask,95.00
Dewar's 8 Year Old Mezcal Cask Finish,https://www.whiskyshop.com/dewar-s-8-year-old-mezcal-cask-finish,30.00
Tobermory 2003 Madeira Cask,https://www.whiskyshop.com/tobermory-2003-madeira-cask,135.00
Bunnahabhain 2013 Moine Bordeaux Cask Finish,https://www.whiskyshop.com/bunnahabhain-2013-moine-bordeaux-cask-finish,85.00
Glenfarclas 30 Year Old Warehouse,https://www.whiskyshop.com/glenfarclas-30-year-old-warehouse,515.00
Masthouse Single Malt Pot and Column Still,https://www.whiskyshop.com/masthouse-single-malt-pot-and-column-still,41.00
Masthouse Single Malt Pot Still,https://www.whiskyshop.com/masthouse-single-malt-pot-still,40.00
Masthouse Single Estate Grain,https://www.whiskyshop.com/masthouse-single-estate-grain,36.00
Johnnie Walker Blue Label Cities Of The Future - London 2220,https://www.whiskyshop.com/johnnie-walker-blue-label-cities-of-the-future-london-2220,175.00
SMWS 116.17 (Yoichi) 1987 25 Year Old,https://www.whiskyshop.com/smws-116-17-yoshi-1987-25-year-old,"6,380.00"
SMWS 29.63 (Laphroaig) 1989 18 Year Old,https://www.whiskyshop.com/smws-29-63-laphroaig-1989-18-year-old,960.00
Springbank 45 Year Old Millennium Limited Edition,https://www.whiskyshop.com/springbank-45-year-old-millennium-limited-edition,"11,800.00"
Springbank 30 Year Old Millennium Limited Edition,https://www.whiskyshop.com/springbank-30-year-old-millennium-limited-edition,"9,800.00"
Springbank 25 Year Old Millennium Limited Edition,https://www.whiskyshop.com/springbank-25-year-old-millennium-limited-edition,"5,280.00"
Ardbeg 17 Year Old,https://www.whiskyshop.com/ardbeg-17-year-old,630.00
Fettercairn 16 Year Old 3rd Release 2022,https://www.whiskyshop.com/fettercairn-16-year-old-3rd-release-2022,72.00
Mortlach 25 Year Old Distillery Labels,https://www.whiskyshop.com/mortlach-25-year-old-distillery-labels,200.00
Springbank 1975 Private Cask 34 Year Old,https://www.whiskyshop.com/springbank-1975-private-cask-34-year-old,"2,680.00"
Hibiki 17 Year Old Kacho Fugetsu Limited Edition,https://www.whiskyshop.com/hibiki-17-year-old-kacho-fugetsu-limited-edition,"3,680.00"
Port Ellen 1980 34 Year Old Rare Old Gordon & Macphail,https://www.whiskyshop.com/port-ellen-1980-34-year-old-rare-old-gordon-macphail,"1,980.00"
Karuizawa 1990 #679 Geisha,https://www.whiskyshop.com/karuizawa-1990-679-geisha,"14,400.00"
Signatory Vintage Knockando 2011 10 Year Old,https://www.whiskyshop.com/signatory-vintage-knockando-2011-10-year-old,38.95
Signatory Vintage Inchgower 2008 14 Year Old,https://www.whiskyshop.com/signatory-vintage-inchgower-2008-14-year-old,41.75
Signatory Vintage Mortlach 2009 12 Year Old,https://www.whiskyshop.com/signatory-vintage-mortlach-2009-12-year-old,46.75
Signatory Vintage Glen Ord 2008 13 Year Old,https://www.whiskyshop.com/signatory-vintage-glen-ord-2008-13-year-old,44.25
Signatory Vintage Glen Elgin 2009 12 Year Old,https://www.whiskyshop.com/signatory-vintage-glen-elgin-2009-12-year-old,44.25
Signatory Vintage Caol Ila 2012 9 Year Old,https://www.whiskyshop.com/signatory-vintage-caol-ila-2012-9-year-old,48.45
Ballechin 2011 Bourbon,https://www.whiskyshop.com/ballechin-2011-bourbon,68.75
Ballechin 10 Year Old,https://www.whiskyshop.com/ballechin-10-year-old,49.75
Smokehead Unfiltered Single Malt,https://www.whiskyshop.com/smokehead-unfiltered-single-malt,45.99
Edradour 10 Year Old ,https://www.whiskyshop.com/edradour-10-year-old,sold out
Edradour 1999 22 Year Old Bordeaux Finish,https://www.whiskyshop.com/edradour-1999-22-year-old-bordeaux-finish,265.00
Edradour 2000 21 Year Old Sherry Finish,https://www.whiskyshop.com/edradour-2000-21-year-old-sherry-finish,305.00
Highland Park 50 Year Old Gold Version,https://www.whiskyshop.com/highland-park-50-year-old-gold-version,"24,995.00"
Edradour 2012 Bourbon 10 Year Old,https://www.whiskyshop.com/edradour-2012-bourbon-10-year-old,sold out
Tamdhu Batch Strength 7,https://www.whiskyshop.com/tamdhu-batch-strength-7,89.99
Berry Bros. & Rudd Inchgower 2009 #301012,https://www.whiskyshop.com/berry-bros-rudd-inchgower-2009-301012,75.00
Berry Bros. & Rudd Staoisha 2013 #10520,https://www.whiskyshop.com/berry-bros-rudd-staoisha-2013-10520,75.00
Clydeside Stobcross,https://www.whiskyshop.com/clydeside-stobcross,49.00
Chichibu 2010 Port Pipe,https://www.whiskyshop.com/chichibu-2010-port-pipe,"1,150.00"
Macallan 1981 Exceptional Cask #9780,https://www.whiskyshop.com/macallan-1981-exceptional-cask-9780,"5,800.00"
Laphroaig 1981 Sherry Cask 27 Year Old,https://www.whiskyshop.com/laphroaig-1981-sherry-cask-27-year-old,"6,580.00"
Springbank 25 Year Old J. Archibald Mitchell,https://www.whiskyshop.com/springbank-25-year-old-j-archibald-mitchell,"4,280.00"
Bowmore 1984 Vintage,https://www.whiskyshop.com/bowmore-1984-vintage,"1,480.00"
Hebridean Journey Series Blended Malt,https://www.whiskyshop.com/hebridean-journey-series-blended-malt,35.00
Islay Journey Series Blended Malt,https://www.whiskyshop.com/islay-journey-series-blended-malt,35.00
Private Collection Glenburgie 1984 #8511,https://www.whiskyshop.com/private-collection-glenburgie-1984-8511,"1,219.00"
Bowmore 30 Year Old Sea Dragon,https://www.whiskyshop.com/bowmore-30-year-old-sea-dragon,"3,750.00"
Dalmore 2008 13 Year Old Connoisseurs Choice,https://www.whiskyshop.com/dalmore-2008-13-year-old-connoisseurs-choice-tws-exclusive,140.00
Mortlach 2002 19 Year Old Connoisseurs Choice,https://www.whiskyshop.com/mortlach-2002-19-year-old-connoisseurs-choice-tws-exclusive,195.00
Glenlivet 2003 18 Year Old Connoisseurs Choice,https://www.whiskyshop.com/glenlivet-2003-18-year-old-connoisseurs-choice-tws-exclusive,195.00
Compass Box Menagerie,https://www.whiskyshop.com/compass-box-menagerie,90.00
Compass Box Canvas,https://www.whiskyshop.com/compass-box-canvas,100.00
Kingsbarns Dream To Dram Gift Pack,https://www.whiskyshop.com/kingsbarns-dream-to-dram-gift-pack,50.00
Murray McDavid Ardmore 2008 13 Year Old,https://www.whiskyshop.com/murray-mcdavid-ardmore-2008-13-year-old,95.00
Murray McDavid Glenburgie 2008 13 Year Old,https://www.whiskyshop.com/murray-mcdavid-glenburgie-2008-13-year-old,98.00
Murray McDavid Glencadam 2012 9 Year Old,https://www.whiskyshop.com/murray-mcdavid-glencadam-2012-9-year-old,69.00
Platinum Old & Rare Imperial 23 Year Old Platinum Jublilee,https://www.whiskyshop.com/platinum-old-rare-imperial-23-year-old-platinum-jublilee,575.00
Lochlea Our Barley,https://www.whiskyshop.com/lochlea-our-barley,45.00
Karuizawa 1981 Single Cask #4659 Waves Label,https://www.whiskyshop.com/karuizawa-1981-single-cask-4659-waves-label,"16,800.00"
Port Ellen 1979 37 Year Old Goren's Whisky,https://www.whiskyshop.com/port-ellen-1979-37-year-old-goren-s-whisky,"3,850.00"
Macallan 1980 Exceptional Cask #4063,https://www.whiskyshop.com/macallan-1980-exceptional-cask-4063,"6,000.00"
Macallan The Coronation,https://www.whiskyshop.com/macallan-the-coronation,"8,995.00"
Macallan 2005 Exceptional Cask #5223-10 2017 Release,https://www.whiskyshop.com/macallan-2005-exceptional-cask-5223-10-2017-release,"4,860.00"
Battlehill Glentauchers 2011 11 Year Old,https://www.whiskyshop.com/battlehill-glentauchers-2011-11-year-old,70.00
Battlehill Glenrothes 2009 12 Year Old,https://www.whiskyshop.com/battlehill-glenrothes-12-year-old,75.00
Duncan Taylor Glenrothes 2009 12 Year Old,https://www.whiskyshop.com/duncan-taylor-glenrothes-2009-12-year-old,80.00
First Editions Craigellachie 2007 14 Year Old,https://www.whiskyshop.com/first-editions-craigellachie-2007-14-year-old,112.00
First Editions Tamdhu 2007 14 Year Old,https://www.whiskyshop.com/first-editions-tamdhu-2007-14-year-old,114.00
Old Malt Cask Glengoyne 2008 13 Year Old,https://www.whiskyshop.com/old-malt-cask-glengoyne-2008-13-year-old,96.00
Old Malt Cask Craigellachie 2006 15 Year Old,https://www.whiskyshop.com/old-malt-cask-craigellachie-2006-15-year-old,108.00
Old Malt Cask Jura 2007 14 Year Old,https://www.whiskyshop.com/old-malt-cask-jura-14-year-old,96.00
Platinum Arran 1997 25 Year Old,https://www.whiskyshop.com/platinum-arran-1997-25-year-old,690.00
GlenAllachie 3x5cl Triple Pack,https://www.whiskyshop.com/glenallachie-3x5cl-triple-pack,30.00
The Octave Teaninich 2009 12 Year Old #6734245,https://www.whiskyshop.com/the-octave-teaninich-2009-12-year-old-tws-exclusive-6734245,125.00
Chichibu 2010 Whisky Talk 2016 Fukuoka,https://www.whiskyshop.com/chichibu-2010-whisky-talk-2016-fukuoka,"2,499.00"
Macallan 10 Year Old (Full Proof) Giovinetti & Figli,https://www.whiskyshop.com/macallan-10-year-old-full-proof-giovinetti-figli,"4,250.00"
Glen Scotia 30 Year Old Platinum Old & Rare,https://www.whiskyshop.com/glen-scotia-30-year-old-platinum-old-rare,810.00
Glenfiddich Orchard Experimental Series,https://www.whiskyshop.com/glenfiddich-orchard-experimental-series,41.95
Chichibu Paris Edition 2018,https://www.whiskyshop.com/chichibu-paris-edition-2018,"1,180.00"
Macallan 25 Year Old Sherry Oak Pre 2018,https://www.whiskyshop.com/macallan-25-year-old-sherry-oak-pre-2018,"5,280.00"
Ben Wyvis 27 Year Old 1972 The Final Resurrection,https://www.whiskyshop.com/ben-wyvis-27-year-old-1972-the-final-resurrection,"1,750.00"
Lagavulin 30 Year Old 1976,https://www.whiskyshop.com/lagavulin-30-year-old-1976,"4,850.00"
Glenfarclas 15 Year Old Gift Pack (Glenfarclas 105 & 25 Year Old 5cl),https://www.whiskyshop.com/glenfarclas-15-year-old-gift-pack-glenfarclas-105-25-year-old-5cl,75.00
Private Collection Benrinnes 1978 #1636,https://www.whiskyshop.com/private-collection-benrinnes-1978-1636,"2,099.00"
Darkness Port Charlotte 14 Year Old PX Cask,https://www.whiskyshop.com/darkness-port-charlotte-14-year-old-px-cask,214.95
Darkness Mortlach 20 Year Old Oloroso Cask,https://www.whiskyshop.com/darkness-mortlach-20-year-old-oloroso-cask,179.95
Darkness Glenrothes 12 Year Old Oloroso Cask,https://www.whiskyshop.com/darkness-glenrothes-12-year-old-oloroso-cask,84.95
Darkness Glen Garioch 18 Year Old Oloroso,https://www.whiskyshop.com/darkness-glen-garioch-18-year-old-oloroso,149.95
Darkness Cambus 29 Year Old Oloroso Cask,https://www.whiskyshop.com/darkness-cambus-29-year-old-oloroso-cask,149.95
Darkness Craigellachie 10 Year Old Oloroso Cask,https://www.whiskyshop.com/darkness-craigellachie-10-year-old-oloroso-cask,109.95
Darkness Blair Athol 18 Year Old Oloroso Cask,https://www.whiskyshop.com/darkness-blair-athol-18-year-old-oloroso-cask,109.95
Darkness Balmenach 16 Year Old Oloroso Cask,https://www.whiskyshop.com/darkness-balmenach-16-year-old-oloroso-cask,119.95
Darkness Ardbeg 12 Year Old Oloroso Cask,https://www.whiskyshop.com/darkness-ardbeg-12-year-old-oloroso-cask,174.95
Bowmore 10 Year Old Devil's Casks Small Batch Release II,https://www.whiskyshop.com/bowmore-10-year-old-devil-s-casks-small-batch-release-ii,495.00
Springbank 24 Year Old 1966 Cask #442 Local Barley,https://www.whiskyshop.com/springbank-24-year-old-1966-cask-442-local-barley,"15,600.00"
Macallan 1997 Easter Elchies 2010 13 Year Old,https://www.whiskyshop.com/macallan-1997-easter-elchies-2010-13-year-old,"8,400.00"
Macallan 1996 Easter Elchies 2013 17 Year Old,https://www.whiskyshop.com/macallan-1996-easter-elchies-2013-17-year-old,"7,999.00"
Jura 20 Year Old Batch 4 That Boutique-y Whisky Company,https://www.whiskyshop.com/jura-20-year-old-batch-4-that-boutique-y-whisky-company,102.95
It's A Small World Whisky Blend Batch 1 That Boutique-y Whisky Company,https://www.whiskyshop.com/it-s-a-small-world-whisky-blend-batch-1-that-boutique-y-whisky-company,50.95
Islay #3 13 Year Old Batch 5 That Boutique Whisky Company,https://www.whiskyshop.com/islay-3-13-year-old-batch-5-that-boutique-whisky-company,174.99
Ledaig 19 Year Old Batch 19 That Boutique-y Whisky Company,https://www.whiskyshop.com/ledaig-19-year-old-batch-19-that-boutique-y-whisky-company,119.95
GlenAllachie 10 Year Old PX Cask Batch 7 That Boutique-y Whisky Company,https://www.whiskyshop.com/glenallachie-10-year-old-px-cask-batch-7-that-boutique-y-whisky-company,69.99
Glenallachie 1st Fill Bourbon 10 Year Old Batch 6 That Boutique-y Whisky Company,https://www.whiskyshop.com/glenallachie-1st-fill-bourbon-10-year-old-that-boutique-y-whisky-company,69.95
Blended Malt #1 Batch 8 That Boutique-y Whisky Company,https://www.whiskyshop.com/blended-malt-1-batch-8-that-boutique-y-whisky-company,sold out
Dailuaine 6 Year Old Batch 6 That Boutique-y Whisky Company,https://www.whiskyshop.com/dailuaine-6-year-old-batch-6-that-boutique-y-whisky-company,44.95
The Loch Fyne Fynest Fettercairn 24 Year Old,https://www.whiskyshop.com/loch-fyne-finest-fettercairn-24-year-old,185.00
Blair Athol 31 Year Old Authors' Series,https://www.whiskyshop.com/blair-athol-31-year-old-author-series,525.00
Cragganmore 25 Year Old Authors' Series,https://www.whiskyshop.com/cragganmore-25-year-old-author-series,450.00
Sassenach Blended Whisky,https://www.whiskyshop.com/sassenach-blended-malt,79.95
Caisteal Chamuis Blended Malt 12 Year Old,https://www.whiskyshop.com/caisteal-chamuis-blended-malt-12-year-old,54.95
The Kinship Jura 1992 29 Year Old,https://www.whiskyshop.com/the-kinship-jura-29-year-old,399.00
The Kinship Laphroaig 1991 31 Year Old,https://www.whiskyshop.com/the-kinship-laphroaig-31-year-old,850.00
The Kinship Bunnahabhain 1990 32 Year Old,https://www.whiskyshop.com/the-kinship-bunnahabhain-32-year-old,485.00
The Kinship Bruichladdich 31 Year Old,https://www.whiskyshop.com/the-kinship-bruichladdich-31-year-old,515.00
The Kinship Bowmore 1989 33 Year Old ,https://www.whiskyshop.com/the-kinship-bowmore-33-year-old,850.00
Laphroaig 3x5cl Miniature Pack ,https://www.whiskyshop.com/laphroaig-3x5cl-miniature-pack,25.00
Loch Lomond 12 Year Old Louis Oosthuizen,https://www.whiskyshop.com/loch-lomond-12-year-old-louis-oosthuizen,55.00
The Sovereign Cambus 1991 30 Year Old,https://www.whiskyshop.com/the-sovereign-cambus-1991-30-year-old,185.00
Isle of Raasay R-01.1,https://www.whiskyshop.com/isle-of-raasay-r-01-1,55.00
Happy Father's Day (Green)  6x3cl Whisky Gift Set,https://www.whiskyshop.com/happy-fathers-day-gift-pack-green,30.00
Happy Father's Day 6x3cl Whisky Gift Set,https://www.whiskyshop.com/happy-fathers-day-gift-pack,30.00
World's Best Dad 6x3cl Whisky Gift Set,https://www.whiskyshop.com/worlds-best-dad-whisky-pack,30.00
The Legacy Collection 33 Year Old The Tops,https://www.whiskyshop.com/the-legacy-collection-33-year-old-the-tops,"1,450.00"
The Legacy Collection 46 Year Old Spirit of Scotland,https://www.whiskyshop.com/the-legacy-collection-46-year-old-spirit-of-scotland,"1,150.00"
The Legacy Collection 43 Year Old The Lost Estate,https://www.whiskyshop.com/the-legacy-collection-43-year-old-the-lost-estate,"1,200.00"
The Legacy Collection 39 Year Old Sunshine On Speyside,https://www.whiskyshop.com/the-legacy-collection-39-year-old-sunshine-on-speyside,950.00
The Charles Gordon Collection 1968 The Cask Trials,https://www.whiskyshop.com/the-charles-gordon-collection-1968-the-cask-trials,"3,800.00"
The Charles Gordon Collection 1964 The First Drop,https://www.whiskyshop.com/the-gordon-collection-1964-the-first-drop,"3,000.00"
Darkness Dalmore 14 Year Old,https://www.whiskyshop.com/darkness-dalmore-14-year-old,129.95
Linkwood 1991 30 Year Old Connoisseurs Choice,https://www.whiskyshop.com/linkwood-1991-30-year-old-connoisseurs-choice,629.00
Linkwood 15 Year Old Distillery Labels,https://www.whiskyshop.com/linkwood-15-year-old-distillery-labels,69.00
Tomatin 1989 32 Year Old Connoisseurs Choice,https://www.whiskyshop.com/tomatin-1989-32-year-old-connoisseurs-choice,779.00
Glen Grant 1952 Platinum Jubilee 70 Year Old #381,https://www.whiskyshop.com/glen-grant-1952-platinum-jubilee-70-year-old-381,"20,000.00"
Glendronach Port Wood,https://www.whiskyshop.com/glendronach-port-wood,sold out
First Editions Caol Ila 2010 11 Year Old,https://www.whiskyshop.com/first-editions-caol-ila-2010-11-year-old,115.00
First Editions Benrinnes 2010 11 Year Old,https://www.whiskyshop.com/first-editions-benrinnes,80.00
First Editions Auchroisk 2010 11 Year Old,https://www.whiskyshop.com/first-editions-auchroisk-2010-11-year-old,80.00
Talisker 44 Year Old,https://www.whiskyshop.com/talisker-44-year-old,"3,800.00"
Chichibu Japan Warrior Series Number One,https://www.whiskyshop.com/chichibu-japan-warrior-series-number-one,"4,920.00"
Karuizawa Noh Multi-Vintage Batch #1 Kamiasobi - Matsukaze,https://www.whiskyshop.com/karuizawa-noh-multi-vintage-batch-1-kamiasobi-matsukaze,"14,900.00"
North Star Mannochmore 10 Year Old,https://www.whiskyshop.com/north-star-mannochmore-10-year-old-tws-exclusive,72.00
North Star Caol Ila 8 Year Old,https://www.whiskyshop.com/north-star-caol-ila-8-year-old-tws-exclusive,75.00
North Star Blended Malt 8 Year Old,https://www.whiskyshop.com/north-star-blended-malt-tws-exclusive,58.00
Port Ellen 33 Year Old Platinum Old&Rare,https://www.whiskyshop.com/port-ellen-33-year-old-platinum-old-rare,"2,995.00"
Miltonduff 10 Year Old Gordon & MacPhail Discovery Series,https://www.whiskyshop.com/g-m-discovery-miltonduff-10-year-old,48.00
Loch Lomond Open Special Edition Gift Pack & 2 Glasses 2022,https://www.whiskyshop.com/loch-lomond-open-special-edition-gift-pack-2-glasses-2022,55.00
Loch Lomond 46 Year Old,https://www.whiskyshop.com/loch-lomond-46-year-old,"4,500.00"
Highland Park 1989 32 Year Old Connoisseurs Choice,https://www.whiskyshop.com/highland-park-1989-32-year-old-connoisseurs-choice,779.00
Bunnahabhain Abhainn Araig Feis Ile Release 2022,https://www.whiskyshop.com/bunnahabhain-abhainn-araig-feis-ile-release,95.00
Bunnahabhain 1998 Calvados Feis Ile Release 2022,https://www.whiskyshop.com/bunnahabhain-1998-calvados-feis-ile-release,400.00
Jack and Victor Blended Whisky,https://www.whiskyshop.com/jack-and-victor-blended-whisky,35.00
Loch Lomond Open Special Edition 2022,https://www.whiskyshop.com/loch-lomond-open-special-edition-2022,49.00
Loch Lomond 1999 22 Year Old Open Course Collection 2022 ,https://www.whiskyshop.com/loch-lomond-1999-22-year-old-course-collection-2022,225.00
Old Malt Cask Linkwood 2002 18 Year Old,https://www.whiskyshop.com/old-malt-cask-linkwood-2002-18-year-old,167.00
Cask Treasures Secret Grain 10 Year Old,https://www.whiskyshop.com/cask-treasures-secret-grain-10-year-old,55.00
Cask Treasures Caribbean Blended Rum,https://www.whiskyshop.com/cask-treasures-caribbean-blended-rum,40.00
Rosebank 30 Year Old Release 1,https://www.whiskyshop.com/rosebank-30-year-old-release-1,sold out
White Heather 15 Year Old,https://www.whiskyshop.com/white-heather-15-year-old,61.99
GlenAllachie 8 Year Old,https://www.whiskyshop.com/glenallachie-8-year-old,43.99
Macallan Speymalt 1950,https://www.whiskyshop.com/macallan-speymalt-1950,"6,999.00"
Pigs Nose Blend,https://www.whiskyshop.com/pigs-nose-blend,21.00
Smokehead Sherry Bomb,https://www.whiskyshop.com/smokehead-sherry-bomb,65.00
Sheep Dip Islay Blended Malt,https://www.whiskyshop.com/sheep-dip-islay-blended-malt,31.00
Sheep Dip Blended Malt 5 Year Old,https://www.whiskyshop.com/sheep-dip-blended-malt-5-year-old,29.00
Chivas Regal 12 Year Old 4.5 Litre,https://www.whiskyshop.com/chivas-regal-12-year-old-4-5-litre,219.00
Longmorn 23 Year Old,https://www.whiskyshop.com/longmorn-23-year-old,399.00
Ballantine's Finest,https://www.whiskyshop.com/ballantines-finest,23.00
Glenlivet 1978 Private Collection,https://www.whiskyshop.com/glenlivet-1978-private-collection,"2,099.00"
Glenlivet 1976 Private Collection,https://www.whiskyshop.com/glenlivet-1976-private-collection,"2,349.00"
Mortlach 1978 Private Collection,https://www.whiskyshop.com/mortlach-1978-private-collection,"2,099.00"
Mossburn Craigellachie 2007 13 Year Old,https://www.whiskyshop.com/mossburn-craigellachie-2007-13-year-old,64.95
Scapa Glansa,https://www.whiskyshop.com/scapa-glansa-the-orcadian,46.00
Longmorn 18 Year Old,https://www.whiskyshop.com/longmorn-18-year-old,88.00
Kingsbarns Distillery Reserve,https://www.whiskyshop.com/kingsbarns-distillery-reserve,65.00
Tomatin Cask Strength,https://www.whiskyshop.com/tomatin-cask-strength,54.00
Tomatin 18 Year Old,https://www.whiskyshop.com/tomatin-18-year-old,94.95
Chivas Regal 13 Year Old,https://www.whiskyshop.com/chivas-regal-13-year-old,37.00
Glen Keith 25 Year Old,https://www.whiskyshop.com/glen-keith-25-year-old,365.00
Glen Keith 21 Year Old,https://www.whiskyshop.com/glen-keith-21-year-old,160.00
Happy Birthday (Light Blue) 6 Reasons Whisky Gift Pack,https://www.whiskyshop.com/happy-birthday-light-blue-6-reasons-whisky-gift-pack,30.00
Happy Birthday (Dark Blue) 6 Reasons Whisky Gift Pack,https://www.whiskyshop.com/happy-birthday-dark-blue-6-reasons-whisky-gift-pack,30.00
Cake Didn't Turn Out Whisky Gift Pack,https://www.whiskyshop.com/cake-didn-t-turn-out-whisky-gift-pack,30.00
Thanks For Everything Whisky Gift Pack,https://www.whiskyshop.com/thanks-for-everything-gift-pack-6x3cl,30.00
Thought Of You Whisky Gift Pack,https://www.whiskyshop.com/thought-of-you-whisky-gift-pack-6x3cl,30.00
Bushmills 2001 Feuillette Cask Finish The Causeway Collection,https://www.whiskyshop.com/bushmills-2001-feuillette-cask-finish-the-causeway-collection-private-collection,"1,395.00"
Balvenie 16 Year Old French Oak,https://www.whiskyshop.com/balvenie-16-year-old-french-oak,130.00
Hibiki 21 Year Old Kacho Fugetsu Limited Edition,https://www.whiskyshop.com/hibiki-21-year-old-kacho-fugetsu-limited-edition,"2,160.00"
Booker's Little Book Batch #1 The Easy 2017 Release,https://www.whiskyshop.com/booker-s-little-book-batch-1-the-easy-2017-release,520.00
Inchmurrin 22 Year Old Batch 6 That Boutique-y Whisky Company,https://www.whiskyshop.com/inchmurrin-22-year-old-batch-6-that-boutique-y-whisky-company,119.95
Macduff 21 Year Old Batch 7 That Boutique-y Whisky Company,https://www.whiskyshop.com/macduff-21-year-old-batch-7-that-boutique-y-whisky-company,103.95
Glenrothes 12 Year Old Batch 11 That Boutique-y Whisky Company,https://www.whiskyshop.com/glenrothes-12-year-old-batch-11-that-boutique-y-whisky-company,46.95
Berry Bros. & Rudd Tullibardine 1993 #954,https://www.whiskyshop.com/berry-bros-rudd-tullibardine-1993-954,150.00
Berry Bros. & Rudd Glen Grant 1998 #13214,https://www.whiskyshop.com/berry-bros-rudd-glen-grant-1998-13214,230.00
Chichibu 2013 Single Ex-Bourbon Barrel #2463 Whisky Mew,https://www.whiskyshop.com/chichibu-2013-single-ex-bourbon-barrel-2463-whisky-mew,"2,995.00"
Bowmore Bicentenary,https://www.whiskyshop.com/bowmore-bicentenary,"6,000.00"
Glenfarclas 10 Year Old Single Malt,https://www.whiskyshop.com/glenfarclas-10-year-old-single-malt,36.00
Glenfarclas 12 Year Old Single Malt,https://www.whiskyshop.com/glenfarclas-12-year-old-single-malt,42.00
The Octave Glenrothes 2009 12 Year Old,https://www.whiskyshop.com/the-octave-glenrothes-2009-12-year-old,120.00
Duncan Taylor Bunnahabhain Peated  2014 7 Year Old,https://www.whiskyshop.com/duncan-taylor-bunnahabhain-peated-2014-7-year-old,85.00
Wemyss Malts Smoky Shores Blended Malt,https://www.whiskyshop.com/wemyss-malts-smoky-shores-blended-malt,50.00
Macallan Fine Oak 21 Year Old,https://www.whiskyshop.com/macallan-fine-oak-21-year-old,"2,100.00"
Benromach Cara Gold,https://www.whiskyshop.com/benromach-cara-gold,50.00
Dalwhinnie Distillers Edition 2021,https://www.whiskyshop.com/dalwhinnie-distillers-edition-2021,68.00
Oban Distillers Edition 2021,https://www.whiskyshop.com/oban-distillers-edition-2021, 84.00
Cragganmore Distillers Edition 2021,https://www.whiskyshop.com/cragganmore-distillers-edition-2021,63.00
The Octave Dalmunach 2015 6 Year Old #10831766,https://www.whiskyshop.com/the-octave-dalmunach-2015-6-year-old-10831766,80.00
The Octave Dalmunach 2016 5 Year Old #10831623,https://www.whiskyshop.com/theoctave-dalmunach-2016-5-year-old-10831623,80.00
Strathisla 2008 13 Year Old Connoisseurs Choice UK Exclusive 21/184,https://www.whiskyshop.com/strathisla-13-year-old-2008-connoisseurs-choice-uk-exclusive,99.00
Tomatin 12 Year Old ,https://www.whiskyshop.com/tomatin-12-year-old,42.00
River Rock Single Malt,https://www.whiskyshop.com/river-rock-single-malt,35.00
Benriach 12 Year Old Tasting Set,https://www.whiskyshop.com/benriach-12-year-old-tasting-set,14.00
Benriach 10 Year Old Tasting Set,https://www.whiskyshop.com/benriach-10-year-old-tasting-set,12.00
Tobermory 2007 Sherry Finish ,https://www.whiskyshop.com/tobermory-2007-sherry-finish,110.00
Murray McDavid Linkwood 2008 13 Year Old ,https://www.whiskyshop.com/murray-mcdavid-linkwood-2008-13-year-old,105.00
The Singleton of Glen Ord 39 Year Old ,https://www.whiskyshop.com/the-singleton-of-dufftown-39-year-old,"2,295.00"
The Loch Fyne The Living Cask Batch 12,https://www.whiskyshop.com/the-loch-fyne-the-living-cask-batch-12,46.00
Character of Islay Premium Tasting Set 2021 Edition ,https://www.whiskyshop.com/character-of-islay-premium-tasting-set-5x3cl,54.95
Chichibu 2012 #5743 Chichibu-Meisen Collection - Harvey Nichols,https://www.whiskyshop.com/a37249-chichibu-2012-single-cask-5743-chichibu-meisen-collection-fashion-edit-harvey-nichols-1,"1,750.00"
The Octave Dalmunach 2016 5 Year Old #10821726,https://www.whiskyshop.com/the-octave-dalmunach-2016,67.00
Lindores Abbey The Casks of Lindores Bourbon,https://www.whiskyshop.com/lindores-abbey-the-casks-of-lindores-bourbon,55.00
anCnoc 2009 Limited Release ,https://www.whiskyshop.com/ancnoc-2009-limited-release,49.95
Johnnie Walker Black Label Gift Pack,https://www.whiskyshop.com/johnnie-walker-black-label-gift-pack,sold out
Johnnie Walker Gold Label Cracker Pack,https://www.whiskyshop.com/johnnie-walker-gold-label-cracker-pack,19.00
Old & Rare Magnum Ardbeg 1991 30 Year Old 1.5 Litre,https://www.whiskyshop.com/magnum-ardbeg-1991-30-year-old,"3,999.00"
Bushmills 1991 Madeira Cask Finish The Causeway Collection,https://www.whiskyshop.com/bushmills-1991-causeway-madeira,695.00
Black Bull 21 Year Old ,https://www.whiskyshop.com/black-bull-21-year-old,115.00
Johnnie Walker 18 Year Old Gift Set,https://www.whiskyshop.com/johnnie-walker-18-year-old-gift-set-with,82.00
Johnnie Walker Gold Gift Set ,https://www.whiskyshop.com/johnnie-walker-gold-gift-set-2x5cl,54.00
Highland Park 15 Year Old,https://www.whiskyshop.com/highland-park-15-year-old,80.00
Johnnie Walker Director's Blend 2011,https://www.whiskyshop.com/johnnie-walker-director-s-blend-2011,"3,500.00"
Black Bottle Double Cask,https://www.whiskyshop.com/black-bottle-double-cask,25.99
Black Bottle Island Smoke,https://www.whiskyshop.com/black-bottle-island-smoke,25.99
GlenKeir Treasures Coimeasgadh Blended Malt,https://www.whiskyshop.com/glenkeir-treasure-coimeasgadh-blended-malt,55.00
Black Bull 40 year old,https://www.whiskyshop.com/black-bull-40-year-old,830.00
The Kinship Caol Ila 40 Year Old 1980,https://www.whiskyshop.com/caol-ila-1980-40-year-old-kinship,"1,500.00"
Royal Lochnagar 16 Year Old Diageo Special Release 2021 ,https://www.whiskyshop.com/royal-lochnagar-16-year-old-diageo-special-release-2021,200.00
Cardhu 14 Year Old Diageo Special Release 2021,https://www.whiskyshop.com/cardhu-14-year-old-diageo-special-release-2021,120.00
Oban 12 Year Old Diageo Special Release 2021 ,https://www.whiskyshop.com/oban-13-year-old-diageo-special-release-2021-56-2,105.00
Mortlach 13 Year Old Diageo Special Release 2021 ,https://www.whiskyshop.com/mortlach-13-year-old-diageo-special-release-2021,135.00
Singleton of Glendullan 19 Year Old Diageo Special Release 2021,https://www.whiskyshop.com/singleton-of-glendullan-19-year-old-diageo-special-release-2021,140.00
Stylish Whisky Barrel Single Malt Scotch Whisky Decanter with 2 Glasses,https://www.whiskyshop.com/stylish-whisky-barrel-single-malt-scotch-whisky-decanter-with-2-glasses,49.00
Glenrothes 25 Year Old ,https://www.whiskyshop.com/glenrothes-25-year-old,375.00
Darkness Strathisla 15 Year Old Moscatel Cask Finish,https://www.whiskyshop.com/darkness-strathisla-15-year-old-moscatel-cask-finish,181.00
Darkness Campbeltown 6 Year Old Oloroso Cask Finish,https://www.whiskyshop.com/darkness-campbeltown-6-year-old-oloroso-cask-finish,58.00
Benromach 40 Year Old (2022 Release),https://www.whiskyshop.com/benromach-40-year-old,"2,000.00"
Westport 21 Year Old Batch 1 That Boutique-y Whisky Company,https://www.whiskyshop.com/westport-21-year-old-batch-1-that-boutique-y-whisky-company,156.00
Strathmill 22 Year Old Batch 7 That Boutique-y Whisky Company ,https://www.whiskyshop.com/strathmill-22-year-old-batch-7-that-boutique-y-whisky-company,205.00
Bruichladdich 28 Year Old Batch 19 That Boutique-y Whisky Company,https://www.whiskyshop.com/bruichladdich-28-year-old-batch-19-that-boutique-y-whisky-company,217.00
Aultmore 38 Year Old Batch 17 That Boutique-y Whisky Company ,https://www.whiskyshop.com/aultmore-38-year-old-batch-17-that-boutique-y-whisky-company,715.00
Glengoyne 12 Year Old Time Keeper,https://www.whiskyshop.com/glengoyne-time-keeper,48.00
Glengoyne Time Capsule Miniature Pack 3x5cl,https://www.whiskyshop.com/glengoyne-time-capsule-miniature-pack-3x5cl,26.00
Deanston 2008 Oloroso Cask Matured,https://www.whiskyshop.com/deanston-2008-oloroso-cask-matured,83.00
Highland Park Cask Strength Release No. 2,https://www.whiskyshop.com/highland-park-cask-strength-batch-2,62.00
Gordon & MacPhail Ardmore 1991 Cask Strength,https://www.whiskyshop.com/ardmore-1991-cask-strength-gordon-macphail,174.00
Loch Lomond 12 Year Old Gift Set 3x20cl,https://www.whiskyshop.com/loch-lomond-12-year-old-gift-pack-20cl,50.00
Loch Lomond 12 Year Old 20cl,https://www.whiskyshop.com/loch-lomond-12-year-old-20cl,18.00
Glen Scotia Double Cask & 15 Year Old 2x20cl,https://www.whiskyshop.com/glen-scotia-double-cask-glen-scotia-15-year-old-dual-pack,35.00
Glen Scotia Double Cask 20cl,https://www.whiskyshop.com/glen-scotia-double-cask-20cl,23.00
Glen Scotia Double Cask & Glass 20cl,https://www.whiskyshop.com/glen-scotia-double-cask-glass-20cl,21.00
Kinclaith 1969 40 Year Old,https://www.whiskyshop.com/kinclaith-1969-40-year-old,"3,999.00"
Gordon & MacPhail Glenlivet 1949 ,https://www.whiskyshop.com/glenlivet-1949-gordon-macphail,"3,850.00"
Port Charlotte Islay Barley 2013 ,https://www.whiskyshop.com/port-charlotte-islay-barley-2013,67.00
Linkwood 1981 Private Collection ,https://www.whiskyshop.com/linkwood-1981-private-collection,"1,250.00"
Singleton of Dufftown 25 Year Old,https://www.whiskyshop.com/singleton-of-dufftown-25-year-old,330.00
Singleton of Dufftown 21 Year Old,https://www.whiskyshop.com/singleton-of-duffton-21-year-old,180.00
Character of Islay Bunnahabhain 19 Year Old Wind & Waves 2,https://www.whiskyshop.com/bunnahabhain-19yo-wind-and-the-waves-2,275.00
Character of Islay Bunnahabhain 10 Year Old Wind & Waves 2,https://www.whiskyshop.com/bunnahabhain-2008-10yo-wind-and-the-waves-2,102.00
Character of Islay Bowmore 18 Year Old Wind & Waves 2,https://www.whiskyshop.com/bowmore-18yo-2002-wind-and-the-waves-2,275.00
The Octave Laphroaig 2004 16 Year Old,https://www.whiskyshop.com/laphroaig-16yo-2004-first-fill-sherry-octave,375.00
Benriach Malting Season,https://www.whiskyshop.com/benriach-malting-season,102.00
Gordon & MacPhail Linkwood 25 Year Old Distillery Label,https://www.whiskyshop.com/gordon-macphail-linkwood-25-year-old-distillery-label,200.00
Blended Malt #1 25 Year Old That Boutique-y Whisky Company,https://www.whiskyshop.com/blended-malt-25-year-old-that-boutique-y-whisky-company,131.00
Ailsa Bay 1.2 Gift Set,https://www.whiskyshop.com/ailsa-bay-gift-pack,60.00
Macallan 18 Year Old Sherry Oak 2021,https://www.whiskyshop.com/macallan-18-sherry-oak-2021,550.00
Balvenie 25 Year Old Rare Marriages,https://www.whiskyshop.com/balvenie-rare-marriages-25-year-old,620.00
Black Bull Peated Edition,https://www.whiskyshop.com/black-bull-peated-edition,33.00
Black Bull Kyloe,https://www.whiskyshop.com/black-bull-kyloe,29.00
Black Bull 12 Year Old ,https://www.whiskyshop.com/black-bull-12-year-old,41.00
The Kinship Laphroaig 23 Year Old 1997,https://www.whiskyshop.com/laphroaig-1997-23-year-old-kinship,539.00
The Kinship Ardbeg 19 Year Old 2001,https://www.whiskyshop.com/ardbeg-2001-19-year-old-kinship,497.00
Velvet Fig Small Batch,https://www.whiskyshop.com/velvet-fig-small-batch,45.00
Laphroaig 16 Year Old ,https://www.whiskyshop.com/laphroaig-16-year-old,92.00
Balblair 2006 #78,https://www.whiskyshop.com/balblair-2006-78-the-w-club-exclusive,191.00
Gordon & MacPhail Smith's Glenlivet 1974 34 Years Old,https://www.whiskyshop.com/gordon-macphail-smith-s-glenlivet-1974-34-years-old,670.00
Glen Grant 1951 bottled in 2013 ,https://www.whiskyshop.com/gordon-macphail-glen-grant-1951-60-year-old,"3,750.00"
Linkwood 1966 Private Collection,https://www.whiskyshop.com/linkwood-1966-private-collection,"6,500.00"
Glen Scotia Dunnage Tasting Pack,https://www.whiskyshop.com/glen-scotia-dunnage-tasting-pack,52.00
Laphroaig 15 Year Old 2005 The Character of Islay Whisky Company,https://www.whiskyshop.com/laphroaig-15-year-old-2004-the-character-of-islay-whisky-company,275.00
Highland Single Malt #1 42 Year Old That Boutique-y Whisky Company,https://www.whiskyshop.com/highland-single-malt-1-42-year-old-that-boutique-y-whisky-company,410.00
Green Isle,https://www.whiskyshop.com/green-isle,33.00
Grace Ile 25 Year Old The Character of Islay Whisky Company,https://www.whiskyshop.com/grace-ile-25-year-old-the-character-of-islay-whisky-company,310.00
Fiona Macleod 33 Year Old The Character of Islay Whisky Company ,https://www.whiskyshop.com/fiona-macleod-33-year-old-the-character-of-islay-whisky-company,410.00
Darkness Dalmore 14 Year Old Oloroso Cask,https://www.whiskyshop.com/darkness-dalmore-14-year-old-oloroso-cask,134.00
Loch Lomond Peated Single Grain,https://www.whiskyshop.com/loch-lomond-peated-single-grain,29.00
Laphroaig 10 Year Old Cask Strength 2021 Batch 14,https://www.whiskyshop.com/laphroaig-10-year-old-cask-strength-2021,76.00
Personalised Famous Grouse,https://www.whiskyshop.com/personalised-famous-grouse,26.00
Aerstone 10 Year Old Land Cask,https://www.whiskyshop.com/aerstone-10-year-old-land-cask,31.00
Aerstone 10 Year Old Sea Cask ,https://www.whiskyshop.com/aerstone-10-year-old-sea-cask,31.00
Linkwood 12 year old Flora and Fauna,https://www.whiskyshop.com/linkwood-12-year-old-flora-and-fauna,48.00
Laphroaig 10 Year Old Sherry Oak Finish,https://www.whiskyshop.com/laphroaig-10-year-old-sherry-oak,50.00
Kingsbarns Balcomie,https://www.whiskyshop.com/kingsbarns-balcomie,45.00
Glenturret Triple Wood 2021,https://www.whiskyshop.com/glenturret-triple-wood-2020,48.00
Glenturret 30 Year Old,https://www.whiskyshop.com/glenturret-30-year-old,"1,500.00"
Karuizawa 19 Year Old That Boutique-y Whisky Company Batch 3,https://www.whiskyshop.com/karuizawa-19-year-old-that-boutique-y-whisky-company,"3,295.00"
Golden Cask Caol Ila 35 Year Old,https://www.whiskyshop.com/caol-ila-35-year-old-golden-cask,670.00
Longmorn 1987 33 Year Old Connoisseurs Choice,https://www.whiskyshop.com/longmorn-1987-33-year-old-connoisseurs-choice,870.00
Strathisla 1987 33 Year Old Connoisseurs Choice,https://www.whiskyshop.com/strathisla-1987-33-year-old-connoisseurs-choice,770.00
Benrinnes 1990 30 Year Old Connoisseurs Choice,https://www.whiskyshop.com/benrinnes-1990-30-year-old-connoisseurs-choice,505.00
Littlemill Testament 1976,https://www.whiskyshop.com/littlemill-testament-1976,"7,999.00"
Glenfiddich Grande Couronne 26 Year Old,https://www.whiskyshop.com/glenfiddich-grande-couronne-26-year-old, 450.00
Ledaig Sinclair Series Rioja Cask Finish,https://www.whiskyshop.com/ledaig-sinclair-series-rioja-cask-finish,34.00
Benriach Smoke Season,https://www.whiskyshop.com/benriach-the-smoke-season,51.00
Tamdhu 15 Year Old,https://www.whiskyshop.com/tamdhu-15-year-old,70.00
Tamdhu 12 Year Old,https://www.whiskyshop.com/tamdhu-12-year-old,46.00
Glengoyne 18 Year Old,https://www.whiskyshop.com/glengoyne-18-year-old,115.00
Glengoyne 12 Year Old,https://www.whiskyshop.com/glengoyne-12-year-old,42.00
Glengoyne 10 Year Old,https://www.whiskyshop.com/glengoyne-10-year-old,38.00
Bowmore 30 Year Old,https://www.whiskyshop.com/bowmore-30-year-old,"2,350.00"
Monkey Shoulder ,https://www.whiskyshop.com/monkey-shoulder,28.00
Loch Lomond 14 Year Old,https://www.whiskyshop.com/loch-lomond-14-year-old,52.00
Rare Find Tranquillity 1985 Highland Single Malt,https://www.whiskyshop.com/rare-find-tranquillity-1985-highland-single-malt,395.00
Loch Lomond 20 Year Old Open Course Collection Royal St Georgeâ€™s,https://www.whiskyshop.com/loch-lomond-20-year-old-open-course-collection-royal-st-georges,166.00
Aberlour 14 Year Old Double Cask ,https://www.whiskyshop.com/aberlour-14-year-old-double-cask,55.00
Bunnahabhain 30 Year Old,https://www.whiskyshop.com/bunnahabhain-30-year-old,510.00
Benromach 21 Year Old,https://www.whiskyshop.com/benromach-21-year-old,130.00
John Walker & Sons King George V,https://www.whiskyshop.com/john-walker-sons-king-george-v,570.00
Paul John Christmas Edition 2020,https://www.whiskyshop.com/paul-john-christmas-edition-2020,72.00
Compass Box Magic Cask,https://www.whiskyshop.com/compass-box-magic-cask,163.00
Balblair 1990 29 Year Old Connoisseurs Choice ,https://www.whiskyshop.com/balblair-1990-connoisseurs-choice,640.00
Benriach 2005 UK Exclusive Peated Rum Cask #7553,https://www.whiskyshop.com/benriach-2005-14-year-old-7553,120.00
Black Bottle 10 Year Old,https://www.whiskyshop.com/black-bottle-10-year-old,27.00
Character of Islay Bowmore 18 Year Old Wind & Waves #11714,https://www.whiskyshop.com/bowmore-18-year-old-wind-waves-11714,305.00
The Singleton of Glen Ord 38 Year Old Epicurean Odyssey,https://www.whiskyshop.com/the-singleton-of-glen-ord-38-year-old-epicurean-odyssey,"2,100.00"
Johnnie Walker Gold Icon 200th Anniversary,https://www.whiskyshop.com/johnnie-walker-gold-icon-200th-anniversary,54.00
Drinks By The Dram Whisky Baubles ,https://www.whiskyshop.com/drinks-by-the-dram-whisky-baubles,41.00
Compass Box Peat Monster Arcana,https://www.whiskyshop.com/compass-box-arcana,77.00
Singleton of Dufftown 12 Year Old Tumbler Gift Set,https://www.whiskyshop.com/singleton-of-dufftown-12-year-old-tumbler-gift-set,35.00
Johnnie Walker Black Label Gift Tin,https://www.whiskyshop.com/johnnie-walker-black-label-gift-tin,28.00
Johnnie Walker Gold Label Glass Gift Set,https://www.whiskyshop.com/johnnie-walker-gold-label-glass-gift-set,50.00
Compass Box Spice Tree Extravaganza,https://www.whiskyshop.com/compass-box-spice-tree-extravaganza,93.00
Compass Box Rogues Banquet,https://www.whiskyshop.com/compass-box-rogues-banquet,191.00
Compass Box Juveniles,https://www.whiskyshop.com/compass-box-juveniles,90.00
Compass Box Flaming Heart,https://www.whiskyshop.com/compass-box-flaming-heart,125.00
Gordon & MacPhail Glen Grant 1954 59 Year Old,https://www.whiskyshop.com/gordon-macphail-glen-grant-1954-59-year-old,"2,500.00"
Gordon & MacPhail Mortlach 1949 51 Year Old,https://www.whiskyshop.com/gordon-macphail-mortlach-1949-51-year-old,"3,999.00"
Jura The Loch,https://www.whiskyshop.com/jura-the-loch,46.00
Kilchoman Machir Bay Cask Strength Christmas Edition,https://www.whiskyshop.com/kilchoman-machir-bay-cask-strength-christmas-edition,58.00
Ardbeg Wee Beastie,https://www.whiskyshop.com/ardbeg-wee-beastie,38.00
Bowmore 15 Year Old Glass Gift Set,https://www.whiskyshop.com/bowmore-15-year-old-glass-gift-set,65.00
Johnnie Walker Blue Label 200th Anniversary,https://www.whiskyshop.com/johnnie-walker-blue-label-200th-anniversary,215.00
Darkness 8 Year Old,https://www.whiskyshop.com/darkness-8-year-old,48.00
Character of Islay Tasting Set Pack,https://www.whiskyshop.com/character-of-islay-tasting-set-pack,31.00
Aerolite Lyndsay Islay 10 Year Old,https://www.whiskyshop.com/aerolite-lyndsay-islay-10-year-old,38.00
Dalmore 12 Year Old Sherry Cask Select,https://www.whiskyshop.com/dalmore-12-year-old-sherry-cask,71.00
Fettercairn 46 Year Old,https://www.whiskyshop.com/fettercairn-46-year-old,"8,500.00"
Deanston 2002 Pinot Noir Cask,https://www.whiskyshop.com/deanston-2002-pinot-noir-cask,105.00
Deanston 2002 Organic,https://www.whiskyshop.com/deanston-2002-organic,110.00
Tobermory 23 Year Old,https://www.whiskyshop.com/tobermory-23-year-old,275.00
Golden Cask Speyside 23 Year Old,https://www.whiskyshop.com/golden-cask-speyside-23-year-old,115.00
Benriach The Smoky Ten,https://www.whiskyshop.com/benriach-the-smoky-ten,42.00
Benriach The Original Ten,https://www.whiskyshop.com/benriach-the-original-ten,37.00
Benriach The Smoky Twelve,https://www.whiskyshop.com/benriach-the-smoky-twelve,48.00
Benriach The Twelve,https://www.whiskyshop.com/benriach-the-twelve,42.00
Loch Lomond 30 Year Old,https://www.whiskyshop.com/loch-lomond-30-year-old,450.00
Loch Lomond 21 Year Old,https://www.whiskyshop.com/loch-lomond-21-year-old,135.00
Cardhu 11 Year Old Special Releases 2020,https://www.whiskyshop.com/cardhu-11-year-old-special-releases-2020,88.00
Talisker 8 Year Old Special Releases 2020,https://www.whiskyshop.com/talisker-8-year-old-special-releases-2020,93.00
Loch Lomond British Masters Limousin Oak Cask,https://www.whiskyshop.com/loch-lomond-british-masters,88.00
Loch Lomond The English Championship Rum Cask,https://www.whiskyshop.com/loch-lomond-the-english-championship,93.00
Loch Lomond The UK Championship Tawny Port Cask,https://www.whiskyshop.com/loch-lomond-the-uk-championship,93.00
Fettercairn 22 Year Old,https://www.whiskyshop.com/fettercairn-22-year-old,170.00
The Glenlivet Spectra,https://www.whiskyshop.com/glenlivet-spectra,110.00
Teacher's Highland Cream,https://www.whiskyshop.com/teachers-highland-cream-whisky,18.00
Ardbeg 1972 VELIER,https://www.whiskyshop.com/ardbeg-1972-velier,"6,995.00"
Stylish Whisky Mini Nessie Decanter 10cl,https://www.whiskyshop.com/stylish-whisky-mini-nessie-decanter-10cl,29.00
Stylish Whisky Mini Piper Decanter 10cl,https://www.whiskyshop.com/stylish-whisky-mini-piper-decanter-10cl,29.00
Stylish Whisky Mini Golf Decanter 10cl,https://www.whiskyshop.com/stylish-whisky-mini-golf-decanter-10cl,29.00
Arran Sherry Cask The Bodega,https://www.whiskyshop.com/arran-sherry-cask-the-bodega,54.00
Glen Moray Rhum Agricole,https://www.whiskyshop.com/glen-moray-rhum-agricole,61.00
Johnnie Walker Sweet Peat,https://www.whiskyshop.com/johnnie-walker-sweet-peat,31.00
Benromach 15 Year Old,https://www.whiskyshop.com/benromach-15-year-old,66.00
Mortlach 15 Year Old - Game of Thrones Six Kingdoms,https://www.whiskyshop.com/mortlach-15-year-old-game-of-thrones-six-kingdoms,125.00
GlenAllachie 15 Year Old,https://www.whiskyshop.com/glenallachie-15-year-old,67.00
1770 Glasgow Peated,https://www.whiskyshop.com/1770-peated-no-1,50.00
The Loch Fyne Pick 'n' Mix Gift Box,https://www.whiskyshop.com/the-loch-fyne-gift-builder,38.00
The Lost Distillery Co. Discovery Selection Gift Pack 3x5cl,https://www.whiskyshop.com/the-lost-distillery-co-discovery-selection-gift-pack-3x5cl,26.00
Balblair 25 Year Old,https://www.whiskyshop.com/balblair-25-year-old,499.00
Glenfiddich Grand Cru 23 Year Old,https://www.whiskyshop.com/glenfiddich-grand-cru-23-year-old, 240.00
Johnnie Walker Taster Gift Set 3x5cl,https://www.whiskyshop.com/johnnie-walker-taster-gift-set-3x5cl,12.00
The Last Drop 56 Year Old Blended Scotch Whisky,https://www.whiskyshop.com/the-last-drop-56-year-old,"3,750.00"
Jura Gift Pack 3x5cl,https://www.whiskyshop.com/jura-gift-pack-3x5cl,22.00
GlenAllachie 12 Year Old,https://www.whiskyshop.com/glenallachie-12-year-old,48.00
Old Pulteney 25 Year Old - 2019,https://www.whiskyshop.com/old-pulteney-25-year-old-2019,399.00
Compass Box The Circle,https://www.whiskyshop.com/compass-box-the-circle,125.00
Highland Park 12 Year Old,https://www.whiskyshop.com/highland-park-12-year-old,33.00
Stylish Whisky Golf Club Decanter 20cl,https://www.whiskyshop.com/stylish-whisky-golf-club-decanter-20cl,49.00
Speyburn Bradan Orach,https://www.whiskyshop.com/speyburn-bradan-orach,36.00
First Editions Craigellachie 2008 20cl,https://www.whiskyshop.com/first-editions-craigellachie-2008-20cl,27.00
Pot Still Decanter with Tap & 2 Glasses,https://www.whiskyshop.com/pot-still-tap-and-glasses,89.00
The Lost Distillery Co. Dalaruan,https://www.whiskyshop.com/the-lost-distillery-co-dalaruan,52.00
Auchentoshan Gift Pack 3x5cl,https://www.whiskyshop.com/auchentoshan-gift-pack-3x5cl,33.00
Loch Lomond 12 Year Old Taster Pack,https://www.whiskyshop.com/loch-lomond-12-year-old-taster-pack,22.00
Benromach Cask Strength 2009,https://www.whiskyshop.com/benromach-cask-strength-2009,57.00
Kilchoman Sanaig 20cl,https://www.whiskyshop.com/kilchoman-sanaig-20cl,25.00
Loch Lomond Single Grain,https://www.whiskyshop.com/loch-lomond-single-grain,28.00
Loch Lomond Signature,https://www.whiskyshop.com/loch-lomond-signature,31.00
Loch Lomond Original,https://www.whiskyshop.com/loch-lomond-original,26.00
Kilchoman Machir Bay Glass Set,https://www.whiskyshop.com/kilchoman-marchir-bay-1,52.00
Piper Decanter,https://www.whiskyshop.com/piper-decanter,89.00
Kilchoman Machir Bay 20cl,https://www.whiskyshop.com/kilchoman-marchir-bay-20cl,22.00
Jura 21 Year Old Tide,https://www.whiskyshop.com/jura-21-year-old-tide,145.00
Macallan Private Eye,https://www.whiskyshop.com/macallan-private-eye,"9,950.00"
Stylish Whisky Globe Decanter 20cl,https://www.whiskyshop.com/stylish-whisky-globe-decanter-20cl,49.00
Bruichladdich Islay Barley 20cl,https://www.whiskyshop.com/bruichladdich-islay-barley-20cl,29.00
Bruichladdich The Classic Laddie 20cl,https://www.whiskyshop.com/bruichladdich-the-classic-laddie-20cl,27.00
Glengoyne 21 Year Old,https://www.whiskyshop.com/glengoyne-21-year-old,191.00
Kilchoman Sanaig ,https://www.whiskyshop.com/kilchoman-sanaig,50.00
Kilchoman Machir Bay,https://www.whiskyshop.com/kilchoman-marchir-bay,44.00
1770 Glasgow Single Malt,https://www.whiskyshop.com/1770-glasgow-malt,50.00
Balvenie The Week of Peat 14 Year Old,https://www.whiskyshop.com/balvenie-the-week-of-peat-14-year-old,68.00
Balvenie The Sweet Toast of American Oak 12 Year Old,https://www.whiskyshop.com/balvenie-the-sweet-toast-of-american-oak-12-year-old,47.00
Whisky Works King of Trees 10 Year Old,https://www.whiskyshop.com/whisky-works-king-of-trees-10-year-old,78.00
Tobermory 12 Year Old,https://www.whiskyshop.com/tobermory-12-year-old,46.00
Balblair 18 Year Old,https://www.whiskyshop.com/balblair-18-year-old,127.00
Balblair 15 Year Old,https://www.whiskyshop.com/balblair-15-year-old,75.00
Kingsbarns Dream to Dram,https://www.whiskyshop.com/kingsbarns-dream-to-dram,50.00
Balblair 12 Year Old,https://www.whiskyshop.com/balblair-12-year-old,45.00
Compass Box The Spaniard,https://www.whiskyshop.com/compass-box-the-spaniard,52.00
Brora 30 year old 1st Release 2002 bottling,https://www.whiskyshop.com/brora-30-year-old-1st-release-2002-bottling,"4,950.00"
Compass Box Hedonism,https://www.whiskyshop.com/compass-box-hedonism,61.00
Glenglassaugh Evolution,https://www.whiskyshop.com/glenglassaugh-evolution,46.00
Glen Moray Mastery,https://www.whiskyshop.com/glen-moray-mastery,930.00
Auchentoshan American Oak,https://www.whiskyshop.com/auchentoshan-american-oak,34.00
Glen Scotia Victoriana,https://www.whiskyshop.com/glen-scotia-victoriana, 73.00
Talisker 1953 24 Year Old Connoisseur's Choice,https://www.whiskyshop.com/talisker-1953-24-year-old-connoisseur-s-choice,"3,000.00"
Yamazaki Sherry Cask 2016,https://www.whiskyshop.com/yamazaki-sherry-cask-2016,"7,200.00"
The Macallan M,https://www.whiskyshop.com/the-macallan-m,"4,895.00"
Laphroaig Select,https://www.whiskyshop.com/laphroaig-select,32.00
The Naked Malt,https://www.whiskyshop.com/the-naked-grouse,31.00
Glenmorangie Original,https://www.whiskyshop.com/glenmorangie-original,37.00
Royal Lochnagar 12 Year Old,https://www.whiskyshop.com/royal-lochnagar-12-year-old,sold out
The Glenlivet Founder's Reserve,https://www.whiskyshop.com/the-glenlivet-founder-s-reserve,34.00
Scotland in a Box,https://www.whiskyshop.com/scotland-in-a-box,71.00
Port Charlotte Islay Barley 2012 ,https://www.whiskyshop.com/port-charlotte-islay-barley,67.00
Glenfarclas 1984 ,https://www.whiskyshop.com/glenfarclas-1984,"5,500.00"
Glenfarclas 1975 ,https://www.whiskyshop.com/glenfarclas-1975,"5,900.00"
Glenfarclas 1974,https://www.whiskyshop.com/glenfarclas-1974,"3,500.00"
Glenfarclas 1973,https://www.whiskyshop.com/glenfarclas-1973,"3,500.00"
Glenfarclas 1967,https://www.whiskyshop.com/glenfarclas-1967,"3,999.00"
Glenfarclas 1965,https://www.whiskyshop.com/glenfarclas-1965,"3,999.00"
Glenfarclas 1961,https://www.whiskyshop.com/glenfarclas-1961,"4,400.00"
Glenfarclas 1957,https://www.whiskyshop.com/glenfarclas-1957,"10,850.00"
Stag's Breath,https://www.whiskyshop.com/stag-s-breath,18.00
Hibiki 12 Year Old ,https://www.whiskyshop.com/hibiki-12-year-old,690.00
Glenfiddich 15 Year Old Solera 20cl,https://www.whiskyshop.com/glenfiddich-15-year-old-solera-20cl,28.00
Cragganmore Distillers Edition ,https://www.whiskyshop.com/cragganmore-distillers-edition,75.00
Strathmill 12 year old ,https://www.whiskyshop.com/strathmill-12-year-old,46.00
Singleton of Dufftown 15 Year Old,https://www.whiskyshop.com/singleton-of-dufftown-15-year-old,50.00
Blairmhor 8 Year Old 35cl,https://www.whiskyshop.com/blairmhor-8-year-old-35cl,21.00
Singleton of Dufftown 18 Year Old,https://www.whiskyshop.com/singleton-of-dufftown-18-year-old,63.00
Robert Burns Blend ,https://www.whiskyshop.com/robert-burns-blend,22.00
Compass Box The Peat Monster ,https://www.whiskyshop.com/compass-box-the-peat-monster,47.00
Knockando 12 year old ,https://www.whiskyshop.com/knockando-12-year-old,38.00
Glenlossie 10 year old,https://www.whiskyshop.com/glenlossie-10-year-old,50.00
The Glenlivet 12 Year Old,https://www.whiskyshop.com/the-glenlivet-12-year-old,37.00
Glenkinchie 12 year old 20cl,https://www.whiskyshop.com/glenkinchie-12-year-old-20cl,16.00
Glenglassaugh 40 Year Old Whisky,https://www.whiskyshop.com/glenglassaugh-40-year-old-teardrop,"1,600.00"
Cragganmore 12 Year Old 20cl,https://www.whiskyshop.com/cragganmore-12-year-old-20cl,16.00
Chivas Regal 12 Year Old ,https://www.whiskyshop.com/chivas-regal-12-year-old-whisky,35.00
Bunnahabhain 25 Year Old,https://www.whiskyshop.com/bunnahabhain-25-year-old,390.00
Black Bottle,https://www.whiskyshop.com/black-bottle,20.00
Balvenie Miniature Pack 3x5cl,https://www.whiskyshop.com/balvenie-miniature-pack-3x5cl,24.00
Arran Machrie Moor ,https://www.whiskyshop.com/arran-machrie-moor,52.00
Aberfeldy 21 Year Old ,https://www.whiskyshop.com/aberfeldy-21-year-old,145.00
Whyte & Mackay ,https://www.whiskyshop.com/whyte-mackay,19.00
Teaninich 10 Year Old,https://www.whiskyshop.com/teaninich-10-year-old,47.00
Mannochmore 12 Year Old,https://www.whiskyshop.com/mannochmore-12-year-old,81.00
Johnnie Walker Red Label,https://www.whiskyshop.com/johnnie-walker-red-label,20.00
Glen Spey 12 Year Old ,https://www.whiskyshop.com/glen-spey-12-year-old,48.00
Johnnie Walker Blenders' Batch Directors Edition 2016,https://www.whiskyshop.com/johnnie-walker-blenders-batch-directors-edition-2016,"2,995.00"
Aberlour Casg Annamh,https://www.whiskyshop.com/aberlour-casg-annamh,55.00
Compass Box Malt Whisky Collection,https://www.whiskyshop.com/compass-box-malt-whisky-collection,24.00
Glenrothes 18 Year Old,https://www.whiskyshop.com/glenrothes-18-year-old,110.00
Glenrothes 12 Year Old,https://www.whiskyshop.com/glenrothes-12-year-old,42.00
Mortlach 12 Year Old The Wee Witchie,https://www.whiskyshop.com/mortlach-12-year-old-the-wee-witchie,53.00
Mortlach 16 Year Old Distiller's Dram,https://www.whiskyshop.com/mortlach-16-year-old-distillers-dram,105.00
Mortlach 20 Year Old Cowie's Blue Seal,https://www.whiskyshop.com/mortlach-20-year-old-cowie-s-blue-seal,199.00
Jura 1988,https://www.whiskyshop.com/jura-1988,670.00
Glenfiddich Fire & Cane,https://www.whiskyshop.com/glenfiddich-fire-cane,44.00
Ailsa Bay 1.2 Sweet Smoke,https://www.whiskyshop.com/ailsa-bay-1-2,56.00
Fettercairn 40 Year Old,https://www.whiskyshop.com/fettercairn-40-year-old,"3,000.00"
Fettercairn 28 Year Old,https://www.whiskyshop.com/fettercairn-28-year-old,460.00
Fettercairn 12 Year Old,https://www.whiskyshop.com/fettercairn-12-year-old,46.00
Old Pulteney 18 Year Old,https://www.whiskyshop.com/old-pulteney-18-year-old,118.00
Old Pulteney 15 Year Old,https://www.whiskyshop.com/old-pulteney-15-year-old,60.00
Old Pulteney Huddart,https://www.whiskyshop.com/old-pulteney-huddart,45.00
Macallan M Black,https://www.whiskyshop.com/macallan-m-black,"5,995.00"
The Glenlivet Captain's Reserve,https://www.whiskyshop.com/the-glenlivet-captain-s-reserve,47.00
The Loch Fyne Blend 5cl,https://www.whiskyshop.com/the-loch-fyne-blend-5cl,7.00
Classic Malts Gentle Collection,https://www.whiskyshop.com/classic-malts-gentle-collection,47.00
Classic Malts Coastal Collection,https://www.whiskyshop.com/classic-malts-coastal-collection,47.00
Golf Ball on Tee with Tap,https://www.whiskyshop.com/golf-ball-on-tee-with-tap,89.00
Johnnie Walker Gold Label Reserve,https://www.whiskyshop.com/johnnie-walker-gold-label-reserve,45.00
Johnnie Walker Double Black,https://www.whiskyshop.com/johnnie-walker-double-black,33.00
Johnnie Walker Black Label,https://www.whiskyshop.com/johnnie-walker-black-label,28.00
Jura 18 Year Old,https://www.whiskyshop.com/jura-18-year-old,72.00
Bunnahabhain 40 Year Old,https://www.whiskyshop.com/bunnahabhain-40-year-old,"2,225.00"
Jura Seven Wood,https://www.whiskyshop.com/jura-seven-wood,61.00
Bunnahabhain Toiteach A Dha,https://www.whiskyshop.com/bunnahabhain-toiteach-a-dha,44.00
Spice Tree ,https://www.whiskyshop.com/spice-tree,49.00
Bunnahabhain 1980 Canasta Cask Finish,https://www.whiskyshop.com/bunnahabhain-1980-canasta-cask-finish,"1,800.00"
Jura 12 Year Old,https://www.whiskyshop.com/jura-12-year-old,35.00
Dalmore Port Wood Reserve,https://www.whiskyshop.com/dalmore-port-wood-reserve,69.00
Shackleton Blended Malt Scotch,https://www.whiskyshop.com/shackleton-blended-malt-scotch, 35.00
Bunnahabhain Stiuireadair,https://www.whiskyshop.com/bunnahabhain-stiuireadair,39.00
Globe Decanter & 4 Glasses,https://www.whiskyshop.com/globe-and-4-glasses,89.00
Barrel and 2 Glasses,https://www.whiskyshop.com/barrel-and-2-glasses,89.00
Auchentoshan Gift Pack 3 x 20cl,https://www.whiskyshop.com/auchentoshan-gift-pack-3x20cl,71.00
Barley Tap and 2 Glasses,https://www.whiskyshop.com/barley-tap-and-2-glasses,89.00
Laphroaig Lore,https://www.whiskyshop.com/laphroaig-lore,68.00
Glenfiddich Project XX,https://www.whiskyshop.com/glenfiddich-project-xx,49.00
Aberlour 18 Year Old,https://www.whiskyshop.com/aberlour-18-year-old,125.00
The Lost Distillery Co. Lossit,https://www.whiskyshop.com/the-lost-distillery-co-lossit,52.00
Ardbeg An Oa,https://www.whiskyshop.com/ardbeg-an-oa,47.00
Arran 10 Year Old,https://www.whiskyshop.com/arran-10-year-old,39.00
Glenglassaugh Torfa,https://www.whiskyshop.com/glenglassaugh-torfa,55.00
Caol Ila Moch,https://www.whiskyshop.com/caol-ila-moch,55.00
Talisker Skye ,https://www.whiskyshop.com/talisker-skye,40.00
Inchmurrin Taster Pack,https://www.whiskyshop.com/inchmurrin-taster-pack,29.00
BenRiach Heart of Speyside,https://www.whiskyshop.com/benriach-heart-of-speyside,43.00
The Lost Distillery Co. Gerston,https://www.whiskyshop.com/the-lost-distillery-co-gerston,52.00
Robert Burns Malt,https://www.whiskyshop.com/robert-burns-malt,33.00
Loch Lomond Taster Pack,https://www.whiskyshop.com/loch-lomond-taster-pack,21.00
Glenfarclas 25 year old ,https://www.whiskyshop.com/glenfarclas-25-year-old,215.00
Chivas Regal 18 Year Old,https://www.whiskyshop.com/chivas-regal-18-year-old,65.00
Aberlour 12 Year Old,https://www.whiskyshop.com/aberlour-12-year-old,41.00
The Loch Fyne Whisky Taster Pack,https://www.whiskyshop.com/the-loch-fyne-whisky-gift-pack,26.00
anCnoc 18 Year Old,https://www.whiskyshop.com/ancnoc-18-year-old,94.00
Laphroaig Quarter Cask,https://www.whiskyshop.com/laphroaig-quarter-cask,43.00
Highland Park 40 Year Old 2019 Release,https://www.whiskyshop.com/highland-park-40-year-old-2019-release,"2,999.00"
Talisker Storm,https://www.whiskyshop.com/talisker-storm,43.00
Balvenie 30 Year Old ,https://www.whiskyshop.com/balvenie-30-year-old,"1,850.00"
The Lost Distillery Co. Auchnagie,https://www.whiskyshop.com/the-lost-distillery-co-auchnagie,52.00
Loch Lomond Inchmoan 12 Year Old,https://www.whiskyshop.com/inchmoan-12-year-old,40.00
Talisker Port Ruighe,https://www.whiskyshop.com/talisker-port-ruighe,50.00
Glen Scotia Taster Pack,https://www.whiskyshop.com/glen-scotia-taster-pack,25.00
Auchentoshan Three Wood,https://www.whiskyshop.com/auchentoshan-three-wood,50.00
Glen Scotia 25 Year Old,https://www.whiskyshop.com/glen-scotia-25-year-old,495.00
Benromach Organic,https://www.whiskyshop.com/benromach-organic,46.00
Glenmorangie Signet,https://www.whiskyshop.com/glenmorangie-signet,165.00
Dalmore King Alexander III,https://www.whiskyshop.com/dalmore-king-alexander-iii,230.00
Glen Scotia 18 Year Old,https://www.whiskyshop.com/glen-scotia-18-year-old,110.00
Loch Lomond Inchmurrin 12 Year Old,https://www.whiskyshop.com/inchmurrin-12-year-old,40.00
Cragganmore 12 Year Old,https://www.whiskyshop.com/cragganmore-12-year-old,38.00
Arran Gold Cream Liqueur,https://www.whiskyshop.com/arran-gold-cream-liqueur,19.00
Laphroaig 10 Year Old,https://www.whiskyshop.com/laphroaig-10-year-old,40.00
Highland Park 21 Year Old,https://www.whiskyshop.com/highland-park-21-year-old,210.00
Glenmorangie Quinta Ruban,https://www.whiskyshop.com/glenmorangie-quinta-ruban,55.00
Bowmore 18 Year Old,https://www.whiskyshop.com/bowmore-18-year-old, 95.00
Oban 14 Year Old 20cl,https://www.whiskyshop.com/oban-14-year-old-20cl,19.00
Deanston Virgin Oak,https://www.whiskyshop.com/deanston-virgin-oak,36.00
Glen Moray 18 Year Old,https://www.whiskyshop.com/glen-moray-18-year-old,76.00
Highland Park 18 Year Old,https://www.whiskyshop.com/highland-park-18-year-old,105.00
Speyburn 15 Year Old,https://www.whiskyshop.com/speyburn-15-year-old,59.00
Glenmorangie Nectar d'Or,https://www.whiskyshop.com/glenmorangie-nectar-d-or,59.00
Glen Moray 15 Year Old,https://www.whiskyshop.com/glen-moray-15-year-old,51.00
Speyburn 10 Year Old,https://www.whiskyshop.com/speyburn-10-year-old,38.00
Glenmorangie Lasanta,https://www.whiskyshop.com/glenmorangie-lasanta,49.00
Dailuaine 16 Year Old,https://www.whiskyshop.com/dailuaine-16-year-old,sold out
Bunnahabhain 18 Year Old,https://www.whiskyshop.com/bunnahabhain-18-year-old, 128.00
Bowmore 15 Year Old,https://www.whiskyshop.com/bowmore-15-year-old, 63.00
Auchentoshan 18 Year Old,https://www.whiskyshop.com/auchentoshan-18-year-old,89.00
Ardbeg Uigeadail,https://www.whiskyshop.com/ardbeg-uigeadail,sold out
Loch Lomond 18 Year Old,https://www.whiskyshop.com/loch-lomond-18-year-old, 79.00
Clynelish 14 Year Old 20cl,https://www.whiskyshop.com/clynelish-14-year-old-20cl,17.00
Scapa Skiren,https://www.whiskyshop.com/scapa-skiren,42.00
Glen Scotia Double Cask,https://www.whiskyshop.com/glen-scotia-double-cask,40.00
Glen Moray 12 Year Old,https://www.whiskyshop.com/glen-moray-12-year-old,37.00
The Glenlivet 15 Year Old,https://www.whiskyshop.com/the-glenlivet-15-year-old,55.00
Talisker 18 Year Old,https://www.whiskyshop.com/talisker-18-year-old,175.00
Macallan 12 Year Old Sherry Oak,https://www.whiskyshop.com/macallan-12-year-old-sherry-oak, 85.00
Dalwhinnie Winter's Gold,https://www.whiskyshop.com/dalwhinnie-winters-gold,sold out
Glenkinchie 12 Year Old,https://www.whiskyshop.com/glenkinchie-12-year-old,42.00
Dalmore 15 Year Old,https://www.whiskyshop.com/dalmore-15-year-old,84.00
Cardhu 15 Year Old,https://www.whiskyshop.com/cardhu-15-year-old,50.00
Bunnahabhain 12 Year Old,https://www.whiskyshop.com/bunnahabhain-12-year-old, 46.00
Bruichladdich Islay Barley,https://www.whiskyshop.com/bruichladdich-islay-barley,69.00
Bowmore 12 Year Old,https://www.whiskyshop.com/bowmore-12-year-old, 37.00
Balvenie 12 Year Old Single Barrel First Fill,https://www.whiskyshop.com/balvenie-12-year-old-single-barrel-first-fill,55.00
Ardbeg Corryvreckan,https://www.whiskyshop.com/ardbeg-corryvreckan,76.00
Loch Lomond 12 Year Old ,https://www.whiskyshop.com/loch-lomond-12-year-old, 40.00
The Loch Fyne Chocolate & Orange Liqueur,https://www.whiskyshop.com/the-loch-fyne-chocolate-orange-liqueur,30.00
The Loch Fyne Blend,https://www.whiskyshop.com/the-loch-fyne-blend,25.00
Talisker 10 Year Old,https://www.whiskyshop.com/talisker-10-year-old,43.00
Singleton of Dufftown 12 Year Old,https://www.whiskyshop.com/singleton-of-dufftown-12-year-old,37.00
Old Pulteney 12 Year Old,https://www.whiskyshop.com/old-pulteney-12-year-old,33.00
Ledaig 10 Year Old,https://www.whiskyshop.com/ledaig-10-year-old,41.00
Glenfiddich 12 Year Old,https://www.whiskyshop.com/glenfiddich-12-year-old,35.00
GlenDronach 12 Year Old,https://www.whiskyshop.com/glendronach-12-year-old,45.00
Glen Garioch 12 Year Old,https://www.whiskyshop.com/glen-garioch-12-year-old,44.00
Deanston 12 Year Old,https://www.whiskyshop.com/deanston-12-year-old,42.00
Dalwhinnie 15 Year Old,https://www.whiskyshop.com/dalwhinnie-15-year-old,43.00
Dalmore 12 Year Old,https://www.whiskyshop.com/dalmore-12-year-old,55.00
Craigellachie 13 Year Old,https://www.whiskyshop.com/craigellachie-13-year-old,52.00
Clynelish 14 Year Old,https://www.whiskyshop.com/clynelish-14-year-old,48.00
Cardhu 12 Year Old,https://www.whiskyshop.com/cardhu-12-year-old,39.00
Caol Ila 12 Year Old,https://www.whiskyshop.com/caol-ila-12-year-old, 45.00
Balvenie 12 Year Old DoubleWood,https://www.whiskyshop.com/balvenie-12-year-old-doublewood,47.00
Auchroisk 10 Year Old,https://www.whiskyshop.com/auchroisk-10-year-old,50.00
Auchentoshan 12 Year Old,https://www.whiskyshop.com/auchentoshan-12-year-old,35.00
Ardbeg 10 Year Old ,https://www.whiskyshop.com/ardbeg-10-year-old-whisky,46.00
anCnoc 12 Year Old,https://www.whiskyshop.com/ancnoc-12-year-old,32.00
Milton 1949 Private Collection,https://www.whiskyshop.com/milton-1949-private-collection,"50,000.00"
Fettercairn 50 Year Old,https://www.whiskyshop.com/fettercairn-50-year-old,"17,995.00"
Johnnie Walker Masters Ruby Reserve,https://www.whiskyshop.com/johnnie-walker-masters-ruby-reserve,"15,000.00"
The Octave Aultmore 2008 13 Year Old TWS Edinburgh Exclusive,https://www.whiskyshop.com/the-octave-aultmore-2008-13-year-old-tws-exclusive,125.00
Loch Lomond 2011 #1758,https://www.whiskyshop.com/loch-lomond-2011-1758-11-year-old-tws-exclusive,70.00
Macallan Rare Cask 2022,https://www.whiskyshop.com/macallan-rare-cask-2022,sold out
Macallan Diamond Jubilee,https://www.whiskyshop.com/macallan-diamond-jubilee,"14,888.00"
Darkness Glenrothes 12 Year Old,https://www.whiskyshop.com/darkness-glenrothes-12-year-old-tws-exclusive,77.00
Glen Scotia 46 Year Old,https://www.whiskyshop.com/glen-scotia-46-year-old,"6,750.00"
Karuizawa 1981 31 Year Old Single Cask #78 Prendre Le Rythme,https://www.whiskyshop.com/karuizawa-1981-31-year-old-single-cask-78-prendre-le-rythme,"16,800.00"
Tamdhu 2006 15 Year Old #2165,https://www.whiskyshop.com/tamdhu-2006-2165,sold out
The Octave An Iconic Speyside 2010 11 Year Old #2933337,https://www.whiskyshop.com/the-octave-an-iconic-speyside-2010-11-year-old-2933337,99.00
The Octave Bunnahabhain 2014 7 Year Old #3832397,https://www.whiskyshop.com/the-octave-bunnahabhain-2014-7-year-old-3832397,89.00
The Octave Ben Nevis 2012 9 Year Old #3633067,https://www.whiskyshop.com/the-octave-ben-nevis-2012-9-year-old-3633067,95.00
The Octave Glengarioch 2012 10 Year Old #4633187,https://www.whiskyshop.com/the-octave-glengarioch-2012-10-year-old-4633187,99.00
Hanyu Joker Colour Label,https://www.whiskyshop.com/hanyu-joker-colour-label,"12,000.00"
Fettercairn Warehouse 2 Batch 3,https://www.whiskyshop.com/fettercairn-warehouse-2-batch-3,60.00
The Octave Highland Park 2008 13 Year Old #5032247,https://www.whiskyshop.com/the-octave-highland-park-2008-13-year-old-5032247,135.00
GlenDronach 50 Year Old,https://www.whiskyshop.com/glendronach-50-year-old,"30,000.00"
Benromach 2012 #350 First Fill Sherry,https://www.whiskyshop.com/benromach-2012-first-fill-sherry-tws-exclusive,sold out
Cask Treasures Glen Moray 2008 12 Year Old,https://www.whiskyshop.com/cask-treasures-glen-moray-12-year-old-2008,65.00
Glen Scotia 2015 Ruby Port 21/77-2,https://www.whiskyshop.com/glen-scotia-2015-ruby-port-21-77-2,55.00
BenRiach 30 Year Old ,https://www.whiskyshop.com/benriach-30-year-old,650.00
Johnnie Walker Blue Label Chinese New Year 2022 Year of the Tiger,https://www.whiskyshop.com/johnnie-walker-blue-label-chinese-new-year-2022-year-of-the-tiger,sold out
The Glenlivet 80 Year Old Generations Gordon & MacPhail,https://www.whiskyshop.com/glenlivet-80-year-old-generations,"100,000.00"
Macallan 18 Year Old Double Cask 2021,https://www.whiskyshop.com/macallan-18-year-old-double-cask-2021,325.00
The Octave Glengarioch 2012 9 Year Old ,https://www.whiskyshop.com/the-octave-glengarioch-2012-9-year-old,99.00
The Octave Ardmore 2010 11 Year Old,https://www.whiskyshop.com/the-octave-ardmore-2010-11-year-old,115.00
Ardnamurchan Single Malt AD 10.21:06 ,https://www.whiskyshop.com/ardnamurchan-single-malt-ad-10-21-06,46.00
Glen Moray 2008 Warehouse 1 Manzanilla Finish,https://www.whiskyshop.com/glen-moray-2008-warhouse-1-manzanilla-finish,74.95
Glengoyne 36 Year Old Russell Family Cask,https://www.whiskyshop.com/glengoyne-36-year-old-russell-family-cask,"3,595.00"
First Editions Laphroaig 2004 16 Year Old ,https://www.whiskyshop.com/first-editions-laphroaig-2004-16-year-old,299.00
Bunnahabhain 12 Year Old Cask Strength ,https://www.whiskyshop.com/bunnahabhain-12-year-old-cask-strength,75.00
Macallan A Night on Earth in Scotland,https://www.whiskyshop.com/macallan-a-night-on-earth-in-scotland,sold out
Hibiki Japanese Harmony Ryusui-Hyakka Limited Edition 2021,https://www.whiskyshop.com/hibiki-blossom-harmony-limited-edition,999.00
The Macallan Harmony Collection Rich Cacao,https://www.whiskyshop.com/the-macallan-harmony-collection-rich-cacao,sold out
Glen Scotia 12 Year Old Seasonal Release 2021,https://www.whiskyshop.com/glen-scotia-seasonal-release-2021,74.99
The Loch Fyne Fynest Bunnahabhain 19 Year Old,https://www.whiskyshop.com/the-loch-fyne-fynest-bunnahabhain-19-year-old,156.00
The Loch Fyne Fynest Glengoyne 20 Year Old,https://www.whiskyshop.com/loch-fyne-fynest-glengoyne-20-year-old,360.00
Johnnie Walker Blue Label Ghost & Rare: Pittyvaich ,https://www.whiskyshop.com/johnnie-walker-ghost-and-rare-pittyvaich,275.00
BenRiach 2009 11 Year Old Cask #4833 Batch 17 ,https://www.whiskyshop.com/benriach-2009-11-year-old-cask-4833-batch-17,90.00
Glenglassaugh 10 Year Old Cask #2140 ,https://www.whiskyshop.com/glenglassaugh-10-year-old-cask-2140,91.00
Darkness Craigellachie 11 Year Old Moscatel Cask Finish ,https://www.whiskyshop.com/darkness-craigellachie-11-year-old-moscatel-cask-finish,95.00
BenRiach 12 Year Old #4830 ,https://www.whiskyshop.com/benriach-12-year-old-4830,102.00
Glenkeir Treasure Carribean Blended Rum ,https://www.whiskyshop.com/glenkeir-carribean-blended-rum,40.00
The Loch Fyne Caol Ila 10 Year Old 2010,https://www.whiskyshop.com/loch-fyne-caol-ila-10-year-old-2010,62.00
Macallan 30 Year Old Double Cask 2021,https://www.whiskyshop.com/macallan-30-year-old-double-cask-2021,"4,999.00"
Glen Moray Warehouse 1 1998 Barolo Finish ,https://www.whiskyshop.com/glen-moray-warehouse-1-1998-barolo-finish,145.00
Lagavulin 26 Year Old Diageo Special Release 2021,https://www.whiskyshop.com/lagavulin-26yo-diageo-special-release-2021,"1,650.00"
Lagavulin 12 Year Old Diageo Special Release 2021,https://www.whiskyshop.com/lagavulin-12-year-old-diageo-special-release-2021,130.00
Talisker 8 Year Old Diageo Special Release 2021 ,https://www.whiskyshop.com/talisker-8-year-old-diageo-special-release-2021,75.00
First Editions Mortlach 2010,https://www.whiskyshop.com/first-editions-mortlach-2010-11-year-old,81.00
First Editions Glen Moray 2007 14 Year Old,https://www.whiskyshop.com/first-edition-glen-moray-2007-14-year-old,95.00
Ledaig 1999 Pedro XimÃ©nez Cask Matured,https://www.whiskyshop.com/ledaig-1999-pedro-ximenez-cask-matured,260.00
Tobermory 2004 Oloroso Cask Matured,https://www.whiskyshop.com/tobermory-2004-oloroso-cask-matured,sold out
Bunnahabhain Aonadh,https://www.whiskyshop.com/bunnahabhain-aonadh,125.00
Glenglassaugh 50 Year Old,https://www.whiskyshop.com/glenlassaugh-50-year-old,"5,500.00"
The Octave Glen Elgin 2010 10 Year Old,https://www.whiskyshop.com/the-octave-glen-elgin-2010-10-year-old-tws-exclusive,110.00
Highland Park 2008 13 Year Old Octave #5029773,https://www.whiskyshop.com/highland-park-2008-13yo-octave-tws-exclusive-70cl,134.00
Rare Find Allt a Bhaine 24 Year Old,https://www.whiskyshop.com/allt-a-bhaine-1996-rare-find-tws-exclusive,156.00
Glenburgie 1995 25 Year Old Connoisseurs Choice,https://www.whiskyshop.com/glenburgie-1995-25-year-old-connoisseurs-choice-tws-exclusive,285.00
GlenDronach 1993 26 Year Old #8635,https://www.whiskyshop.com/glendronach-1993-26-year-old-8635-tws-exclusive,395.00
First Editions Macduff 2006 14 Year Old ,https://www.whiskyshop.com/first-editions-macduff-2006-14-year-old,90.00
Glenturret 30 Year Old Platinum Old & Rare,https://www.whiskyshop.com/glenturret-30-year-old-platinum-old-rare,465.00
Dalmore 29 Year Old Platinum Old & Rare,https://www.whiskyshop.com/dalmore-29-year-old-platinum-old-rare,475.00
Clynelish 27 Year Old Platinum Old & Rare,https://www.whiskyshop.com/clynelish-27-year-old-platinium-old-rare,500.00
Rare Find Speyside 1982 39 Year Old,https://www.whiskyshop.com/rare-find-speyside-1982-39-year-old,385.00
Brora Tripych 3x50cl,https://www.whiskyshop.com/brora-tripych-3x50cl,sold out
The Octave Dalmore 2004 16 Year Old,https://www.whiskyshop.com/the-octave-dalmore-2004-16-year-old,295.00
Glenmorangie Grand Vintage Malt 1993,https://www.whiskyshop.com/glenmorangie-grand-vintage-malt-1993,670.00
Talisker 43 Year Old Xpedition Oak,https://www.whiskyshop.com/talisker-43-year-old-xpedition-oak,"3,500.00"
Kilchoman 2012 Sherry Cask,https://www.whiskyshop.com/kilchoman-2012-sherry-cask-the-w-club-exclusive,115.00
First Editions Glenburgie 2007,https://www.whiskyshop.com/first-editions-glenburgie-2007-13-year-old,90.00
First Editions Tamnavulin 2010,https://www.whiskyshop.com/first-editions-tamnavulin-2010-10-year-old,72.00
Benriach 21 Year Old The Twenty One,https://www.whiskyshop.com/benriach-21-year-old-the-twenty-one,138.00
Benriach 25 Year Old The Twenty Five,https://www.whiskyshop.com/benriach-25-year-oldd,312.00
Old Malt Cask Blair Athol 16 Year Old ,https://www.whiskyshop.com/old-malt-cask-blair-athol-16-year-old,118.00
First Editions Auchroisk 2011,https://www.whiskyshop.com/first-editions-auchroisk-2011-9-year-old,70.00
Old Malt Cask Jura 13 Year Old ,https://www.whiskyshop.com/old-malt-cask-jura-13-year-old,107.00
GlenDronach 1993 27 Year Old Batch 18,https://www.whiskyshop.com/glendronach-27yo-1993-cask-7276-batch-18,553.00
Old Malt Cask Glengoyne 13 Year Old ,https://www.whiskyshop.com/old-malt-cask-glengoyne-13-year-old,98.00
Glengoyne 25 Year Old,https://www.whiskyshop.com/glengoyne-25-year-old,380.00
Loch Lomond The Open Special Edition,https://www.whiskyshop.com/loch-lomond-the-open-special-edition,41.00
Old Malt Cask Mortlach 13 Year Old,https://www.whiskyshop.com/old-malt-cask-mortlach-13-year-old,100.00
anCnoc 2007 #660,https://www.whiskyshop.com/ancnoc-2007-660,97.00
Wemyss Malts Bunnahabhain 1990 28 Year Old Boat Captain's Brew,https://www.whiskyshop.com/bunnahabhain-1990-28-year-old-boat-captains-brew,246.00
Wemyss Malts Bowmore 1988 31 Year Old Candied Violets,https://www.whiskyshop.com/bowmore-1988-31-year-old-candied-violets,580.00
First Editions Aultmore 2010,https://www.whiskyshop.com/first-editions-aultmore-2010-10-year-old,72.00
The Loch Fyne Bunnahabhain 14 Year Old 2005,https://www.whiskyshop.com/the-loch-fyne-bunnahabhain-14-year-old-2005,98.00
The Loch Fyne Craigellachie 12 Year Old ,https://www.whiskyshop.com/the-loch-fyne-craigellachie-12-year-old,83.00
The Loch Fyne The Living Cask Batch 10,https://www.whiskyshop.com/the-loch-fyne-the-living-cask-batch-10,46.00
John Walker & Sons 28 Year Old Bicentenary Blend,https://www.whiskyshop.com/john-walker-sons-28-year-old-bicentenary-blend,760.00
Glen Scotia 11 Year Old Sherry Double Cask,https://www.whiskyshop.com/glen-scotia-11-year-old-sherry-double,62.00
Bunnahabhain 1997 Moine,https://www.whiskyshop.com/bunnahabhain-1997-moine,380.00
Mortlach 21 Year Old Special Releases 2020,https://www.whiskyshop.com/mortlach-21-year-old-special-releases-2020,595.00
First Editions Talisker 2010 8 Year Old,https://www.whiskyshop.com/first-editions-talisker-2010-8-year-old,92.00
Laphroaig 10 Year Old Cask Strength 2020,https://www.whiskyshop.com/laphroaig-10-year-old-cask-strength,80.00
Old Malt Cask Inchmurrin 23 Year Old,https://www.whiskyshop.com/old-malt-cask-inchmurrin-23-year-old,166.00
Port Ellen 40 Year Old 9 Rogue Casks,https://www.whiskyshop.com/port-ellen-40-year-old-9-rogue-casks,sold out
Glenkeir Treasures Twin Casks Secret Highland 11 Year Old,https://www.whiskyshop.com/glenkeir-treasures-twin-casks-secret-highland-11-year-old,70.00
Glenkeir Treasures Twin Casks Secret Speyside 9 Year Old,https://www.whiskyshop.com/glenkeir-treasures-twin-casks-secret-speyside-9-year-old,68.00
First Editions Blair Athol 2009,https://www.whiskyshop.com/first-editions-blair-athol-2009,72.00
Invergordon 21 Year Old The Sovereign,https://www.whiskyshop.com/invergordon-21-year-old-the-sovereign,135.00
The Loch Fyne The Living Cask Batch 9,https://www.whiskyshop.com/the-loch-fyne-the-living-cask-batch-9, 46.00
Old and Rare Bunnahabhain 30 Year Old,https://www.whiskyshop.com/old-and-rare-bunnahabhain-30-year-old,580.00
Jura 1989,https://www.whiskyshop.com/jura-1989,620.00
First Editions Ardmore 2009,https://www.whiskyshop.com/first-editions-ardmore-2009-9-year-old,71.00
Bunnahabhain 1988 Marsala Cask Finish,https://www.whiskyshop.com/bunnahabhain-1988-marsala-cask-finish,460.00
First Editions Glen Garioch 2008,https://www.whiskyshop.com/first-editions-glen-garioch-2008-10-year-old,72.00
Glenrothes 1988,https://www.whiskyshop.com/glenrothes-1988,365.00
Old Malt Cask Tobermory 12 Year Old,https://www.whiskyshop.com/old-malt-cask-tobermory-12-year-old,95.00
Highland Park Esquire,https://www.whiskyshop.com/highland-park-esquire,207.00
Old Pulteney 2006 #1448,https://www.whiskyshop.com/old-pulteney-2006-1448,102.00
First Editions Mortlach 2007 11 Year Old,https://www.whiskyshop.com/first-editions-mortlach-2007-11-year-old,88.00
First Editions Craigellachie 2011,https://www.whiskyshop.com/first-editions-craigellachie-2011-8-year-old,72.00
Littlemill 29 Year Old Private Cellar Edition 2019,https://www.whiskyshop.com/littlemill-29-year-old-private-cellar-edition-2019,"2,750.00"
Macallan Exceptional Single Cask 1950,https://www.whiskyshop.com/macallan-exceptional-single-cask-1950,sold out
12 Drams of Christmas - Whisky Selection Box 2020,https://www.whiskyshop.com/12-drams-of-christmas,69.00
The Loch Fyne Aultmore 12 Year Old,https://www.whiskyshop.com/the-loch-fyne-aultmore-12-year-old, 83.00
Johnnie Walker Blue Label Ghost & Rare: Glenury Royal,https://www.whiskyshop.com/johnnie-walker-blue-label-ghost-rare-glenury-royal,285.00
Compass Box Myths & Legends III,https://www.whiskyshop.com/compass-box-myths-legends-iii,135.00
Compass Box Myths & Legends II,https://www.whiskyshop.com/compass-box-myths-legends-ii,135.00
Compass Box Myths & Legends I,https://www.whiskyshop.com/compass-box-myths-legends-i,135.00
anCnoc Peat,https://www.whiskyshop.com/ancnoc-peat,83.00
Jura Two-One-Two (212),https://www.whiskyshop.com/jura-two-one-two,93.00
Talisker 41 Year Old,https://www.whiskyshop.com/talisker-41-year-old,"2,900.00"
First Editions Blair Athol 2010,https://www.whiskyshop.com/first-editions-blair-athol-2010,71.00
First Editions Mortlach 2009,https://www.whiskyshop.com/first-editions-mortlach-2009,71.00
First Editions Tullibardine 2008,https://www.whiskyshop.com/first-editions-tullibardine-2008,83.00
The Loch Fyne The Living Cask Batch 8,https://www.whiskyshop.com/the-loch-fyne-the-living-cask-batch-8, 46.00
Glenkeir Treasures Secret Islay 10cl,https://www.whiskyshop.com/glenkeir-treasures-secret-islay-10cl,12.00
Glenkeir Treasures Secret Islay 20cl,https://www.whiskyshop.com/glenkeir-treasures-secret-islay-20cl,24.00
Glenkeir Treasures Speyburn 10 Year Old 10cl,https://www.whiskyshop.com/glenkeir-treasures-speyburn-10-year-old-20cl,13.00
Glenkeir Treasures Speyburn 10 Year Old 20cl,https://www.whiskyshop.com/glenkeir-treasures-speyburn-10-year-old-20cl-2933,26.00
Glenkeir Treasures Secret Speyside 8 Year Old 10cl,https://www.whiskyshop.com/glenkeir-treasures-secret-speyside-8-year-old-1,13.00
Glenkeir Treasures Secret Speyside 8 Year Old 20cl,https://www.whiskyshop.com/glenkeir-treasures-secret-speyside-8-year-old-20cl,26.00
Glenkeir Treasures Secret Speyside 8 Year Old ,https://www.whiskyshop.com/glenkeir-treasures-secret-speyside-8-year-old,55.00
First Editions Tamdhu 2007 11 Year Old,https://www.whiskyshop.com/first-editions-tamdhu-2007,76.00
First Editions Craigellachie 2006,https://www.whiskyshop.com/first-editions-craigellachie-2006,79.00
First Editions Benrinnes 2010,https://www.whiskyshop.com/first-editions-benrinnes-2010,68.00
Old Malt Cask Talisker 8 Year Old,https://www.whiskyshop.com/old-malt-cask-talisker-8-year-old,120.00
The Last Drop 1925 Grande Champagne Cognac,https://www.whiskyshop.com/the-last-drop-1925-grande-champagne-cognac,"3,950.00"
Loch Lomond 2004 Single Cask,https://www.whiskyshop.com/loch-lomond-2004-single-cask,115.00
Whisky Works Glaswegian 29 Year Old,https://www.whiskyshop.com/whisky-works-glaswegian-29-year-old,135.00
Old Malt Cask Glenburgie 19 Year Old,https://www.whiskyshop.com/old-malt-cask-glenburgie-19-year-old,130.00
Old Malt Cask Mortlach 11 Year Old,https://www.whiskyshop.com/old-malt-cask-mortlach-11-year-old,sold out
Authors' Series Probably Speyside's Finest 1968 50 Year Old - Nathaniel Hawthorne ,https://www.whiskyshop.com/authors-series-speyside-s-finest-1967-50-year-old-nathaniel-hawthorne,"2,750.00"
Authors' Series Tormore 1988 30 Year Old - Charles Baudelaire,https://www.whiskyshop.com/tormore-1988-30-year-old-authors-series-charles-baudelaire,435.00
Authors' Series Tullibardine 1993 25 Year Old - William Thackeray,https://www.whiskyshop.com/tullibardine-1993-25-year-old-authors-series,405.00
Yamazaki Sherry Cask 2013,https://www.whiskyshop.com/yamazaki-sherry-cask-2013,"8,500.00"
Old Malt Cask Tamdhu 8 Year Old 20cl,https://www.whiskyshop.com/old-malt-cask-tamdhu-8-year-old-20cl,31.00
Glenkeir Treasures Secret Islay,https://www.whiskyshop.com/glenkeir-treasures-secret-islay,55.00
Glenfiddich 30 Year Old ,https://www.whiskyshop.com/glenfiddich-30-year-old,600.00
Clynelish Select Reserve 2014 Special Release,https://www.whiskyshop.com/clynelish-select-reserve-2014-special-release,510.00
Glenfarclas 1960,https://www.whiskyshop.com/glenfarclas-1960,"4,400.00"
Loch Lomond 19 Year Old Royal Portrush,https://www.whiskyshop.com/loch-lomond-19-year-old-royal-portrush,166.00
The Loch Fyne The Living Cask Batch 7,https://www.whiskyshop.com/the-loch-fyne-the-living-cask-batch-7,46.00
First Editions Speyburn 2006,https://www.whiskyshop.com/first-editions-speyburn-2006,76.00
First Editions Jura 2006,https://www.whiskyshop.com/first-editions-jura-2006,76.00
Glenmorangie Allta Private Edition - 10th Anniversary,https://www.whiskyshop.com/glenmorangie-allta-private-edition-10th-anniversary,82.00
Lost Distillery Co. Gift Pack,https://www.whiskyshop.com/the-lost-distillery-co-gift-pack,37.00
Glen Grant 30 Year Old Platinum Old & Rare,https://www.whiskyshop.com/glen-grant-30-year-old-platinum-old-rare,470.00
Laphroaig 20 Year Old Platinum Old & Rare,https://www.whiskyshop.com/laphroaig-20-year-old-platinum-old-rare,425.00
The Last Drop Glenrothes 1968 Cask 13504,https://www.whiskyshop.com/the-last-drop-glenrothes-1968-cask-13504,"5,400.00"
The Last Drop Glenrothes 1968 Cask 13508,https://www.whiskyshop.com/the-last-drop-glenrothes-1968-cask-13508,"5,400.00"
Oban 21 Year Old 2018 Special Release,https://www.whiskyshop.com/oban-21-year-old-2018-special-release,460.00
Talisker 40 Year Old,https://www.whiskyshop.com/talisker-40-year-old,"2,750.00"
The Loch Fyne The Living Cask Batch 6,https://www.whiskyshop.com/the-loch-fyne-the-living-cask-batch-6,46.00
The Loch Fyne The Living Cask Batch 4 5cl,https://www.whiskyshop.com/the-loch-fyne-the-living-cask-batch-4-5cl,8.00
The Loch Fyne Honey & Ginger Liqueur 5cl,https://www.whiskyshop.com/the-loch-fyne-honey-ginger-liqueur-5cl,7.00
The Loch Fyne Chocolate & Orange Liqueur 5cl,https://www.whiskyshop.com/the-loch-fyne-chocolate-orange-liqueur-5cl,7.00
Convalmore 32 Year Old 2017 Special Release,https://www.whiskyshop.com/convalmore-32-year-old-2017-special-release,"1,350.00"
Old Malt Cask Royal Brackla 19 Year Old,https://www.whiskyshop.com/old-malt-cask-royal-brackla-19-year-old,139.00
Caol Ila 36 Year Old Platinum Old & Rare,https://www.whiskyshop.com/caol-ila-36-year-old-platinum-old-rare,760.00
Longrow 18 Year Old,https://www.whiskyshop.com/longrow-18-year-old,sold out
Old Malt Cask Highland Park 19 Year Old,https://www.whiskyshop.com/old-malt-cask-highland-park-19-year-old,309.00
Invergordon 50 Year Old The Sovereign,https://www.whiskyshop.com/invergordon-50-year-old-the-sovereign,879.00
Dalmore 35 Year Old,https://www.whiskyshop.com/dalmore-35-year-old,"7,995.00"
Old Malt Cask Mortlach 10 Year Old,https://www.whiskyshop.com/old-malt-cask-mortlach-10-year-old,98.00
The Loch Fyne - The Living Cask - Batch 5,https://www.whiskyshop.com/the-loch-fyne-the-living-cask-batch-5,46.00
Bruichladdich 1984 32 Year Old,https://www.whiskyshop.com/bruichladdich-1984-32-year-old,720.00
The Loch Fyne Glentauchers 10 Year Old,https://www.whiskyshop.com/the-loch-fyne-glentauchers-10-year-old,67.00
Dalmore Constellation 1973 cask 10,https://www.whiskyshop.com/dalmore-constellation-1973-cask-10,"14,314.00"
Glenrothes 1976,https://www.whiskyshop.com/glenrothes-1976,"1,000.00"
The Loch Fyne Craigellachie 10 Year Old 2007,https://www.whiskyshop.com/the-loch-fyne-craigellachie-10-year-old-2007,72.00
Macallan 25 Year Old Sherry Oak ,https://www.whiskyshop.com/macallan-25-year-old-sherry-oak-2020,"2,950.00"
Glendronach Parliament 21 Year Old 2021,https://www.whiskyshop.com/glendronach-parliament-21-year-old,199.00
First Editions Benrinnes 2005 12 Year Old,https://www.whiskyshop.com/first-editions-benrinnes-2005,80.00
Port Ellen 1983 - Authors' Series - Alfred Tennyson,https://www.whiskyshop.com/port-ellen-1983-authors-series-alfred-tennyson,"2,800.00"
Probably Speyside's Finest 50 Year Old Platinum Old & Rare,https://www.whiskyshop.com/probably-speyside-s-finest-50-year-old-platinum-old-rare,"2,000.00"
Bruichladdich The Classic Laddie Scottish Barley,https://www.whiskyshop.com/bruichladdich-the-classic-laddie-scottish-barley,sold out
Glen Elgin 18 Year Old 2017 Special Release,https://www.whiskyshop.com/glen-elgin-18-year-old-2017-special-release,310.00
The Loch Fyne Honey & Ginger Liqueur,https://www.whiskyshop.com/the-loch-fyne-honey-ginger-liqueur, 30.00
Old Malt Cask Mortlach 8 Year Old 20cl,https://www.whiskyshop.com/old-malt-cask-mortlach-8-year-old-20cl,32.00
Glenmorangie 18 Year Old,https://www.whiskyshop.com/glenmorangie-18-year-old,sold out
The Loch Fyne The Living Cask 1745,https://www.whiskyshop.com/the-loch-fyne-the-living-cask-1745, 78.00
Ardnamurchan AD/07.21:05,https://www.whiskyshop.com/ardnamurchan-ad-07-21-05,sold out
Gordon & Macphail Glen Grant 1966 45 Year Old,https://www.whiskyshop.com/gordon-macphail-glen-grant-1966-45-year-old,sold out
First Editions Blair Athol 2012,https://www.whiskyshop.com/first-editions-blair-athol-2012-8-year-old,69.00
Old Fashioned Cocktail Bundle,https://www.whiskyshop.com/old-fashioned-cocktail-bundle,sold out
Macallan 18 Year Old Double Cask,https://www.whiskyshop.com/macallan-18-year-old-double-cask, 260.00
The Cally 1974 'Caledonian' 40 Year Old 2015 Special Release,https://www.whiskyshop.com/the-cally-1974-caledonian-40-year-old-2015-special-release,830.00
Glenfarclas 1966,https://www.whiskyshop.com/glenfarclas-1966,"3,999.00"
Glenfarclas 1972 ,https://www.whiskyshop.com/glenfarclas-1972,"2,700.00"
Glenfarclas 1969,https://www.whiskyshop.com/glenfarclas-1969,"3,999.00"
Glenfarclas 1964,https://www.whiskyshop.com/glenfarclas-1964,"3,999.00"
